customer_id,company_name,industry,company_size,country,signup_date,email,acquisition_channel_id,initial_plan_id,is_trial,trial_end_date
cust_770487,Company_1,Finance,1-10,DE,2023-04-25 00:00:00,support@company10.tech,2,2,False,2023-05-09
cust_542417,Company_2,Consulting,1-10,US,2023-02-02 00:00:00,contact@company21.tech,2,1,False,2023-02-16
cust_331148,Company_3,Government,501-1000,AU,2024-04-04 00:00:00,support@company32.co,7,3,True,2024-04-18
cust_900581,Company_4,Transportation,1-10,US,2023-12-11 00:00:00,admin@company43.company,1,1,False,2023-12-25
cust_496922,Company_5,Energy,501-1000,FR,2023-03-22 00:00:00,team@company54.corp,5,3,False,2023-04-05
cust_338968,Company_6,Media,1-10,US,2023-10-24 00:00:00,support@company65.inc,7,3,True,2023-11-07
cust_802729,Company_7,Consulting,1000+,CA,2023-10-01 00:00:00,team@company76.tech,5,4,True,2023-10-15
cust_383060,Company_8,Transportation,1000+,AU,2024-10-17 00:00:00,info@company87.corp,5,3,False,
cust_520651,Company_9,Energy,1-10,DE,2023-10-02 00:00:00,contact@company98.tech,8,1,True,
cust_774079,Company_10,Legal,11-50,UK,2024-04-14 00:00:00,support@company109.io,2,1,True,2024-04-28
cust_479580,Company_11,Technology,11-50,FR,2023-08-13 00:00:00,contact@company1110.tech,1,2,True,
cust_725380,Company_12,Legal,201-500,US,2023-03-07 00:00:00,team@company1211.company,10,2,False,2023-03-21
cust_663054,Company_13,Finance,1000+,UK,2023-10-01 00:00:00,support@company1312.tech,2,3,True,2023-10-15
cust_287330,Company_14,Marketing,1-10,UK,2024-06-03 00:00:00,contact@company1413.corp,2,3,True,2024-06-17
cust_916449,Company_15,Healthcare,1-10,SE,2024-06-27 00:00:00,admin@company1514.corp,4,2,True,
cust_182582,Company_16,Government,1000+,UK,2023-03-29 00:00:00,contact@company1615.corp,1,3,False,
cust_273148,Company_17,Retail,501-1000,SE,2023-09-29 00:00:00,support@company1716.tech,4,4,True,2023-10-13
cust_804314,Company_18,Healthcare,51-200,US,2024-10-27 00:00:00,info@company1817.inc,4,2,True,2024-11-10
cust_717024,Company_19,Retail,1-10,US,2023-08-14 00:00:00,info@company1918.inc,5,1,True,2023-08-28
cust_801474,Company_20,Energy,11-50,CA,2024-05-12 00:00:00,hello@company2019.corp,5,2,False,
cust_299659,Company_21,Media,1-10,UK,2023-04-07 00:00:00,support@company2120.company,3,2,False,
cust_203198,Company_22,Healthcare,201-500,US,2023-03-04 00:00:00,contact@company2221.io,6,3,True,2023-03-18
cust_392075,Company_23,Government,11-50,FR,2024-04-18 00:00:00,team@company2322.company,1,3,True,
cust_976638,Company_24,Finance,1-10,US,2023-01-16 00:00:00,hello@company2423.corp,7,3,False,
cust_272634,Company_25,Government,1-10,AU,2024-01-24 00:00:00,admin@company2524.co,2,4,False,
cust_921414,Company_26,Manufacturing,1000+,US,2024-07-23 00:00:00,info@company2625.io,1,4,False,2024-08-06
cust_428838,Company_27,Transportation,1-10,UK,2023-02-28 00:00:00,info@company2726.io,4,2,True,2023-03-14
cust_723939,Company_28,Energy,1000+,UK,2023-03-11 00:00:00,team@company2827.io,4,4,True,2023-03-25
cust_789305,Company_29,Retail,501-1000,CA,2024-08-20 00:00:00,admin@company2928.corp,8,3,True,2024-09-03
cust_776856,Company_30,Healthcare,201-500,US,2023-11-04 00:00:00,team@company3029.io,6,2,False,2023-11-18
cust_323508,Company_31,Healthcare,51-200,NL,2024-06-02 00:00:00,admin@company3130.inc,3,2,True,
cust_837715,Company_32,Legal,501-1000,US,2023-11-06 00:00:00,team@company3231.inc,6,4,False,2023-11-20
cust_240814,Company_33,Finance,1-10,US,2023-09-28 00:00:00,team@company3332.corp,6,3,False,2023-10-12
cust_765046,Company_34,Transportation,501-1000,US,2023-09-28 00:00:00,support@company3433.co,7,3,False,2023-10-12
cust_449759,Company_35,Real Estate,1000+,UK,2023-05-14 00:00:00,hello@company3534.io,1,4,True,2023-05-28
cust_824586,Company_36,Legal,501-1000,US,2023-06-02 00:00:00,contact@company3635.company,3,1,True,
cust_934794,Company_37,Healthcare,51-200,US,2023-02-10 00:00:00,team@company3736.co,2,2,False,
cust_348237,Company_38,Non-Profit,11-50,SE,2023-06-16 00:00:00,hello@company3837.tech,1,3,False,
cust_379766,Company_39,Transportation,1000+,UK,2023-06-13 00:00:00,contact@company3938.co,7,2,True,
cust_338651,Company_40,Manufacturing,1-10,FR,2023-08-17 00:00:00,admin@company4039.inc,3,2,False,2023-08-31
cust_984642,Company_41,Manufacturing,51-200,US,2024-07-03 00:00:00,admin@company4140.company,1,4,True,2024-07-17
cust_863934,Company_42,Media,201-500,NL,2023-11-18 00:00:00,contact@company4241.inc,4,3,True,2023-12-02
cust_645175,Company_43,Marketing,1000+,US,2024-07-05 00:00:00,hello@company4342.company,6,4,False,
cust_753425,Company_44,Manufacturing,1000+,UK,2023-11-18 00:00:00,support@company4443.co,5,4,True,
cust_681343,Company_45,Marketing,11-50,DE,2023-05-11 00:00:00,contact@company4544.io,8,2,True,2023-05-25
cust_974224,Company_46,Consulting,51-200,CA,2023-01-01 00:00:00,admin@company4645.co,4,2,True,
cust_636004,Company_47,Legal,1000+,CA,2024-04-29 00:00:00,team@company4746.inc,1,2,True,
cust_346277,Company_48,Technology,51-200,US,2024-11-19 00:00:00,hello@company4847.io,1,2,False,2024-12-03
cust_534572,Company_49,Real Estate,501-1000,US,2024-10-06 00:00:00,contact@company4948.tech,5,2,False,
cust_907451,Company_50,Non-Profit,201-500,UK,2023-04-20 00:00:00,info@company5049.io,6,2,True,
cust_578634,Company_51,Consulting,201-500,US,2023-05-17 00:00:00,hello@company5150.io,9,3,False,
cust_547470,Company_52,Real Estate,201-500,UK,2024-07-15 00:00:00,contact@company5251.tech,6,4,True,
cust_608136,Company_53,Manufacturing,11-50,US,2024-10-03 00:00:00,admin@company5352.inc,1,1,False,2024-10-17
cust_258157,Company_54,Healthcare,201-500,US,2023-08-25 00:00:00,admin@company5453.io,5,3,True,2023-09-08
cust_973349,Company_55,Non-Profit,201-500,US,2024-03-06 00:00:00,team@company5554.co,5,4,True,
cust_413118,Company_56,Government,201-500,CA,2024-02-04 00:00:00,contact@company5655.co,6,3,True,2024-02-18
cust_130434,Company_57,Non-Profit,51-200,US,2024-02-03 00:00:00,hello@company5756.corp,6,3,False,2024-02-17
cust_513160,Company_58,Media,501-1000,US,2024-08-29 00:00:00,hello@company5857.corp,1,4,True,2024-09-12
cust_321941,Company_59,Manufacturing,51-200,AU,2024-04-10 00:00:00,hello@company5958.inc,7,2,False,2024-04-24
cust_885408,Company_60,Marketing,1-10,US,2024-07-06 00:00:00,support@company6059.company,3,4,False,
cust_309044,Company_61,Marketing,501-1000,US,2023-01-21 00:00:00,contact@company6160.co,1,2,False,
cust_275939,Company_62,Government,501-1000,AU,2024-09-12 00:00:00,admin@company6261.company,5,4,True,
cust_703766,Company_63,Healthcare,201-500,CA,2024-11-24 00:00:00,support@company6362.corp,5,2,True,
cust_991597,Company_64,Consulting,501-1000,AU,2024-12-01 00:00:00,admin@company6463.io,6,4,True,2024-12-15
cust_630538,Company_65,Real Estate,51-200,US,2024-10-25 00:00:00,admin@company6564.tech,4,1,False,2024-11-08
cust_260422,Company_66,Manufacturing,11-50,CA,2024-03-21 00:00:00,team@company6665.co,9,2,True,
cust_721254,Company_67,Healthcare,51-200,US,2023-10-02 00:00:00,hello@company6766.corp,7,4,False,2023-10-16
cust_800646,Company_68,Finance,51-200,UK,2024-01-24 00:00:00,admin@company6867.inc,7,1,True,
cust_835244,Company_69,Healthcare,501-1000,US,2023-10-10 00:00:00,hello@company6968.co,8,1,True,2023-10-24
cust_599219,Company_70,Healthcare,1000+,US,2024-10-23 00:00:00,hello@company7069.tech,6,3,True,
cust_486945,Company_71,Non-Profit,501-1000,UK,2024-04-29 00:00:00,admin@company7170.tech,4,3,True,2024-05-13
cust_341736,Company_72,Legal,1000+,JP,2023-05-04 00:00:00,support@company7271.corp,1,2,True,
cust_389930,Company_73,Transportation,501-1000,US,2024-08-26 00:00:00,contact@company7372.inc,9,3,True,2024-09-09
cust_660081,Company_74,Manufacturing,51-200,DE,2023-05-10 00:00:00,contact@company7473.tech,1,1,False,2023-05-24
cust_112861,Company_75,Finance,51-200,JP,2024-08-10 00:00:00,admin@company7574.co,4,3,True,2024-08-24
cust_615633,Company_76,Finance,501-1000,AU,2023-03-17 00:00:00,admin@company7675.company,1,4,False,2023-03-31
cust_901577,Company_77,Government,501-1000,UK,2024-03-02 00:00:00,hello@company7776.co,5,3,True,2024-03-16
cust_549660,Company_78,Non-Profit,501-1000,US,2023-11-09 00:00:00,contact@company7877.tech,5,4,True,
cust_264686,Company_79,Media,11-50,UK,2023-09-03 00:00:00,team@company7978.co,1,2,True,2023-09-17
cust_841296,Company_80,Retail,1000+,SE,2023-10-17 00:00:00,support@company8079.io,1,4,False,
cust_545790,Company_81,Manufacturing,501-1000,FR,2023-04-28 00:00:00,info@company8180.company,1,3,True,2023-05-12
cust_885339,Company_82,Manufacturing,51-200,DE,2024-08-05 00:00:00,admin@company8281.io,4,2,True,2024-08-19
cust_727086,Company_83,Technology,201-500,US,2023-02-10 00:00:00,support@company8382.io,5,3,True,2023-02-24
cust_901909,Company_84,Finance,51-200,UK,2024-11-19 00:00:00,support@company8483.co,6,3,False,2024-12-03
cust_713762,Company_85,Real Estate,1000+,US,2024-03-22 00:00:00,admin@company8584.inc,9,4,False,
cust_445824,Company_86,Media,1000+,AU,2024-02-26 00:00:00,team@company8685.company,5,3,True,2024-03-11
cust_438977,Company_87,Technology,201-500,CA,2023-04-29 00:00:00,team@company8786.co,6,4,True,2023-05-13
cust_479353,Company_88,Retail,201-500,US,2024-09-29 00:00:00,contact@company8887.inc,6,3,True,
cust_227324,Company_89,Finance,1000+,US,2023-01-30 00:00:00,info@company8988.io,2,4,True,2023-02-13
cust_982277,Company_90,Finance,201-500,UK,2023-04-27 00:00:00,support@company9089.inc,5,4,True,2023-05-11
cust_975271,Company_91,Media,201-500,US,2024-05-09 00:00:00,team@company9190.io,4,2,False,2024-05-23
cust_173201,Company_92,Manufacturing,201-500,FR,2023-10-10 00:00:00,admin@company9291.tech,6,2,True,2023-10-24
cust_791998,Company_93,Education,11-50,UK,2024-05-16 00:00:00,team@company9392.co,4,2,True,2024-05-30
cust_297816,Company_94,Media,501-1000,US,2023-09-02 00:00:00,support@company9493.co,7,3,False,
cust_504832,Company_95,Technology,1000+,US,2024-11-10 00:00:00,team@company9594.inc,4,4,False,
cust_561694,Company_96,Finance,501-1000,US,2023-04-13 00:00:00,support@company9695.corp,1,4,True,
cust_377896,Company_97,Transportation,501-1000,US,2023-12-13 00:00:00,support@company9796.io,5,4,True,2023-12-27
cust_853629,Company_98,Marketing,501-1000,DE,2024-05-14 00:00:00,admin@company9897.corp,1,1,False,2024-05-28
cust_203225,Company_99,Non-Profit,1000+,US,2024-10-10 00:00:00,info@company9998.company,4,4,True,2024-10-24
cust_475876,Company_100,Consulting,201-500,DE,2024-01-19 00:00:00,contact@company10099.corp,4,2,True,
cust_501126,Company_101,Finance,1000+,US,2024-09-26 00:00:00,support@company101100.inc,8,3,True,
cust_943718,Company_102,Real Estate,51-200,JP,2024-04-21 00:00:00,team@company102101.inc,1,3,False,2024-05-05
cust_362246,Company_103,Real Estate,51-200,US,2024-04-12 00:00:00,hello@company103102.io,3,2,True,2024-04-26
cust_833247,Company_104,Manufacturing,1-10,US,2023-10-30 00:00:00,support@company104103.tech,5,4,False,
cust_881369,Company_105,Government,51-200,US,2024-05-23 00:00:00,support@company105104.corp,2,3,False,
cust_855948,Company_106,Energy,1000+,CA,2024-11-06 00:00:00,info@company106105.inc,5,4,False,2024-11-20
cust_482584,Company_107,Media,1-10,US,2023-05-15 00:00:00,contact@company107106.io,3,3,False,2023-05-29
cust_626169,Company_108,Real Estate,11-50,JP,2023-10-07 00:00:00,admin@company108107.tech,6,1,False,
cust_591081,Company_109,Marketing,11-50,DE,2023-03-19 00:00:00,hello@company109108.io,2,2,True,
cust_114594,Company_110,Non-Profit,501-1000,DE,2023-09-28 00:00:00,team@company110109.co,3,2,False,
cust_213609,Company_111,Legal,11-50,US,2024-11-22 00:00:00,team@company111110.corp,5,2,False,
cust_586819,Company_112,Technology,1000+,US,2023-11-06 00:00:00,hello@company112111.company,1,3,True,
cust_242254,Company_113,Non-Profit,201-500,JP,2024-02-02 00:00:00,hello@company113112.io,8,2,False,2024-02-16
cust_535037,Company_114,Manufacturing,1-10,US,2024-11-01 00:00:00,admin@company114113.corp,5,3,True,
cust_997004,Company_115,Energy,1-10,BR,2024-01-07 00:00:00,admin@company115114.company,3,4,True,2024-01-21
cust_228093,Company_116,Consulting,1-10,BR,2024-04-10 00:00:00,info@company116115.inc,5,2,True,2024-04-24
cust_692002,Company_117,Consulting,1-10,US,2023-07-30 00:00:00,contact@company117116.inc,4,3,False,
cust_724932,Company_118,Finance,51-200,UK,2023-01-03 00:00:00,contact@company118117.company,1,4,False,2023-01-17
cust_115582,Company_119,Manufacturing,11-50,US,2024-01-02 00:00:00,support@company119118.co,1,2,True,
cust_599380,Company_120,Legal,51-200,US,2024-04-04 00:00:00,team@company120119.company,1,3,False,
cust_790909,Company_121,Technology,51-200,BR,2024-06-17 00:00:00,hello@company121120.co,9,3,False,2024-07-01
cust_565108,Company_122,Finance,1-10,US,2023-03-17 00:00:00,support@company122121.io,1,1,True,2023-03-31
cust_726410,Company_123,Healthcare,51-200,AU,2024-06-27 00:00:00,info@company123122.tech,5,3,False,
cust_855855,Company_124,Education,201-500,FR,2023-08-09 00:00:00,hello@company124123.co,2,3,False,2023-08-23
cust_427704,Company_125,Energy,51-200,UK,2024-11-12 00:00:00,info@company125124.company,1,2,True,2024-11-26
cust_874683,Company_126,Legal,11-50,UK,2024-01-17 00:00:00,support@company126125.company,5,2,True,
cust_886730,Company_127,Manufacturing,1000+,US,2024-03-09 00:00:00,team@company127126.io,2,2,True,
cust_335137,Company_128,Government,51-200,US,2023-04-21 00:00:00,contact@company128127.co,3,3,False,
cust_958182,Company_129,Consulting,501-1000,SE,2024-09-28 00:00:00,support@company129128.inc,4,4,True,2024-10-12
cust_899444,Company_130,Finance,51-200,UK,2023-11-13 00:00:00,hello@company130129.company,1,2,True,
cust_132146,Company_131,Real Estate,1000+,US,2023-04-04 00:00:00,admin@company131130.inc,3,3,False,
cust_695164,Company_132,Government,1-10,CA,2024-09-02 00:00:00,support@company132131.company,1,3,True,
cust_609253,Company_133,Legal,201-500,US,2024-09-13 00:00:00,hello@company133132.company,2,2,True,
cust_610271,Company_134,Consulting,1000+,US,2024-06-23 00:00:00,contact@company134133.inc,2,3,False,
cust_901280,Company_135,Non-Profit,51-200,US,2023-09-19 00:00:00,contact@company135134.co,1,2,True,2023-10-03
cust_685864,Company_136,Technology,51-200,US,2024-11-15 00:00:00,hello@company136135.company,7,1,False,2024-11-29
cust_701253,Company_137,Media,1000+,US,2024-02-19 00:00:00,admin@company137136.corp,2,4,False,
cust_972442,Company_138,Media,1-10,CA,2024-01-06 00:00:00,team@company138137.company,1,2,True,2024-01-20
cust_456005,Company_139,Marketing,51-200,US,2023-08-15 00:00:00,team@company139138.corp,1,3,False,2023-08-29
cust_862712,Company_140,Retail,11-50,US,2024-10-22 00:00:00,contact@company140139.tech,1,1,True,
cust_758452,Company_141,Real Estate,201-500,DE,2024-05-20 00:00:00,team@company141140.tech,6,3,False,
cust_757685,Company_142,Marketing,11-50,US,2023-11-20 00:00:00,admin@company142141.io,4,2,True,2023-12-04
cust_425486,Company_143,Manufacturing,201-500,US,2024-04-17 00:00:00,info@company143142.io,3,1,True,2024-05-01
cust_708519,Company_144,Government,1000+,CA,2024-07-21 00:00:00,contact@company144143.inc,4,4,False,2024-08-04
cust_164879,Company_145,Non-Profit,1-10,US,2024-04-06 00:00:00,support@company145144.corp,7,3,True,
cust_560767,Company_146,Energy,501-1000,US,2024-06-20 00:00:00,hello@company146145.inc,3,4,False,2024-07-04
cust_761532,Company_147,Marketing,51-200,US,2024-10-24 00:00:00,admin@company147146.tech,1,1,False,
cust_731977,Company_148,Energy,51-200,US,2023-06-03 00:00:00,support@company148147.tech,5,1,False,2023-06-17
cust_843266,Company_149,Education,51-200,AU,2023-03-28 00:00:00,support@company149148.tech,5,3,False,
cust_818709,Company_150,Education,1-10,US,2024-06-23 00:00:00,admin@company150149.corp,4,2,False,2024-07-07
cust_903373,Company_151,Healthcare,11-50,US,2024-05-12 00:00:00,info@company151150.io,1,1,False,
cust_652108,Company_152,Finance,1000+,CA,2023-02-08 00:00:00,contact@company152151.corp,6,3,True,
cust_755087,Company_153,Marketing,1000+,DE,2023-06-19 00:00:00,hello@company153152.io,4,3,True,
cust_570735,Company_154,Government,501-1000,UK,2023-08-28 00:00:00,contact@company154153.inc,9,3,False,2023-09-11
cust_561999,Company_155,Media,51-200,JP,2024-04-17 00:00:00,contact@company155154.io,4,3,True,2024-05-01
cust_772324,Company_156,Transportation,51-200,UK,2024-05-07 00:00:00,info@company156155.inc,1,3,True,2024-05-21
cust_571145,Company_157,Energy,11-50,US,2024-06-09 00:00:00,hello@company157156.inc,1,3,False,2024-06-23
cust_515712,Company_158,Education,51-200,US,2024-05-29 00:00:00,admin@company158157.company,10,2,False,
cust_929822,Company_159,Real Estate,11-50,DE,2023-05-30 00:00:00,contact@company159158.tech,8,1,True,
cust_183074,Company_160,Non-Profit,51-200,CA,2023-01-20 00:00:00,hello@company160159.company,1,2,False,2023-02-03
cust_227767,Company_161,Real Estate,11-50,US,2023-02-18 00:00:00,hello@company161160.io,6,2,True,
cust_702980,Company_162,Consulting,1000+,US,2023-09-05 00:00:00,team@company162161.co,4,2,True,
cust_648913,Company_163,Government,1-10,BR,2024-01-05 00:00:00,team@company163162.company,4,4,True,2024-01-19
cust_766549,Company_164,Government,51-200,US,2024-02-01 00:00:00,contact@company164163.tech,1,2,False,2024-02-15
cust_710169,Company_165,Transportation,11-50,CA,2023-12-07 00:00:00,support@company165164.co,4,1,False,2023-12-21
cust_291132,Company_166,Technology,1-10,US,2023-05-19 00:00:00,info@company166165.corp,8,2,False,2023-06-02
cust_425138,Company_167,Manufacturing,201-500,US,2024-06-11 00:00:00,support@company167166.corp,4,4,True,
cust_150126,Company_168,Media,51-200,NL,2024-11-02 00:00:00,support@company168167.co,6,2,False,2024-11-16
cust_295892,Company_169,Legal,1000+,US,2024-05-23 00:00:00,info@company169168.tech,8,3,True,2024-06-06
cust_962287,Company_170,Education,501-1000,CA,2023-07-04 00:00:00,admin@company170169.co,1,3,False,2023-07-18
cust_823270,Company_171,Energy,51-200,US,2024-03-30 00:00:00,hello@company171170.inc,5,2,False,
cust_160144,Company_172,Government,1000+,DE,2023-03-18 00:00:00,contact@company172171.company,3,4,True,
cust_919264,Company_173,Marketing,1-10,US,2024-03-24 00:00:00,hello@company173172.io,2,1,True,2024-04-07
cust_571778,Company_174,Finance,51-200,UK,2024-01-15 00:00:00,hello@company174173.inc,1,2,False,2024-01-29
cust_218959,Company_175,Energy,1000+,UK,2023-01-27 00:00:00,admin@company175174.inc,4,2,False,2023-02-10
cust_741599,Company_176,Healthcare,1000+,US,2023-10-20 00:00:00,info@company176175.co,4,4,True,
cust_192055,Company_177,Legal,51-200,UK,2024-11-29 00:00:00,admin@company177176.corp,5,3,False,
cust_768676,Company_178,Retail,51-200,AU,2023-06-28 00:00:00,contact@company178177.co,1,3,True,2023-07-12
cust_486831,Company_179,Healthcare,501-1000,US,2024-04-23 00:00:00,support@company179178.tech,7,2,True,2024-05-07
cust_529322,Company_180,Healthcare,1-10,US,2024-08-11 00:00:00,support@company180179.io,2,1,True,
cust_918164,Company_181,Finance,1000+,US,2024-07-18 00:00:00,info@company181180.company,6,3,True,2024-08-01
cust_269834,Company_182,Legal,1000+,NL,2023-11-27 00:00:00,info@company182181.inc,8,3,True,
cust_387782,Company_183,Legal,1000+,CA,2023-05-09 00:00:00,team@company183182.io,4,3,True,
cust_855638,Company_184,Transportation,51-200,FR,2024-09-11 00:00:00,info@company184183.company,4,3,False,
cust_377511,Company_185,Marketing,11-50,US,2024-10-28 00:00:00,support@company185184.io,4,2,True,
cust_606404,Company_186,Non-Profit,1000+,US,2023-09-08 00:00:00,hello@company186185.co,4,3,True,2023-09-22
cust_736129,Company_187,Transportation,51-200,US,2023-05-28 00:00:00,hello@company187186.corp,2,4,False,2023-06-11
cust_211341,Company_188,Retail,11-50,US,2023-11-23 00:00:00,info@company188187.inc,2,2,False,
cust_538446,Company_189,Non-Profit,11-50,US,2023-09-12 00:00:00,contact@company189188.co,8,3,False,2023-09-26
cust_423528,Company_190,Real Estate,1-10,JP,2024-05-24 00:00:00,contact@company190189.io,3,1,True,2024-06-07
cust_618934,Company_191,Technology,1000+,FR,2024-09-03 00:00:00,hello@company191190.corp,2,4,False,
cust_900961,Company_192,Legal,51-200,US,2024-02-17 00:00:00,team@company192191.inc,1,1,True,2024-03-02
cust_901535,Company_193,Consulting,51-200,US,2024-07-17 00:00:00,info@company193192.co,5,3,True,
cust_684929,Company_194,Legal,11-50,US,2024-01-10 00:00:00,info@company194193.corp,4,1,False,
cust_644559,Company_195,Education,11-50,SE,2024-04-12 00:00:00,admin@company195194.corp,4,2,True,
cust_983532,Company_196,Legal,501-1000,UK,2023-11-03 00:00:00,team@company196195.inc,6,3,True,2023-11-17
cust_447329,Company_197,Government,1-10,NL,2024-11-20 00:00:00,support@company197196.tech,5,4,True,2024-12-04
cust_787436,Company_198,Real Estate,501-1000,US,2024-08-15 00:00:00,support@company198197.tech,1,3,False,
cust_254954,Company_199,Healthcare,11-50,US,2024-11-28 00:00:00,hello@company199198.inc,8,1,True,2024-12-12
cust_313795,Company_200,Transportation,501-1000,FR,2024-02-25 00:00:00,support@company200199.company,8,4,False,2024-03-10
cust_688132,Company_201,Finance,1000+,UK,2023-11-29 00:00:00,team@company201200.inc,3,3,True,
cust_855944,Company_202,Real Estate,1000+,US,2024-11-28 00:00:00,contact@company202201.inc,2,4,True,2024-12-12
cust_412071,Company_203,Education,1000+,UK,2023-10-23 00:00:00,team@company203202.tech,5,3,True,2023-11-06
cust_809489,Company_204,Education,201-500,JP,2024-07-10 00:00:00,contact@company204203.inc,3,4,True,
cust_182868,Company_205,Retail,201-500,US,2023-12-21 00:00:00,team@company205204.inc,6,3,False,
cust_243941,Company_206,Technology,501-1000,CA,2023-04-22 00:00:00,team@company206205.corp,2,4,False,2023-05-06
cust_533377,Company_207,Finance,1000+,US,2023-12-05 00:00:00,team@company207206.corp,5,3,True,
cust_598807,Company_208,Education,1000+,US,2024-05-03 00:00:00,info@company208207.company,9,2,False,2024-05-17
cust_874568,Company_209,Energy,11-50,SE,2023-02-08 00:00:00,hello@company209208.co,7,2,True,
cust_403528,Company_210,Energy,1-10,BR,2023-02-08 00:00:00,admin@company210209.co,5,1,False,2023-02-22
cust_617904,Company_211,Healthcare,501-1000,US,2023-05-18 00:00:00,support@company211210.co,1,3,False,
cust_114768,Company_212,Finance,51-200,CA,2023-12-12 00:00:00,support@company212211.co,6,3,False,2023-12-26
cust_190951,Company_213,Real Estate,1000+,US,2024-02-15 00:00:00,contact@company213212.company,9,2,True,2024-02-29
cust_890371,Company_214,Technology,51-200,US,2023-10-01 00:00:00,admin@company214213.tech,5,2,True,
cust_588002,Company_215,Energy,11-50,NL,2023-11-11 00:00:00,admin@company215214.tech,4,2,True,
cust_409369,Company_216,Real Estate,501-1000,US,2024-01-12 00:00:00,support@company216215.io,8,3,True,
cust_593699,Company_217,Marketing,1000+,AU,2024-07-04 00:00:00,info@company217216.io,6,4,True,
cust_181896,Company_218,Legal,1-10,US,2024-07-31 00:00:00,team@company218217.corp,4,1,True,
cust_563303,Company_219,Healthcare,1000+,NL,2023-04-30 00:00:00,hello@company219218.company,5,3,True,2023-05-14
cust_578987,Company_220,Manufacturing,1-10,DE,2024-07-31 00:00:00,hello@company220219.inc,5,2,False,
cust_706403,Company_221,Legal,1-10,BR,2023-03-16 00:00:00,info@company221220.co,5,2,True,2023-03-30
cust_906325,Company_222,Media,1000+,US,2023-05-19 00:00:00,hello@company222221.co,5,4,False,
cust_493892,Company_223,Finance,1000+,CA,2023-03-24 00:00:00,admin@company223222.company,7,4,True,2023-04-07
cust_654531,Company_224,Government,1000+,US,2023-05-11 00:00:00,admin@company224223.co,7,4,False,2023-05-25
cust_657772,Company_225,Manufacturing,11-50,US,2024-01-24 00:00:00,support@company225224.company,3,1,True,
cust_744793,Company_226,Technology,11-50,US,2023-01-17 00:00:00,support@company226225.tech,1,1,False,2023-01-31
cust_146385,Company_227,Transportation,201-500,AU,2024-02-16 00:00:00,contact@company227226.io,2,2,False,2024-03-01
cust_867051,Company_228,Transportation,51-200,US,2024-08-12 00:00:00,admin@company228227.corp,6,3,False,2024-08-26
cust_533649,Company_229,Energy,51-200,DE,2023-11-04 00:00:00,contact@company229228.tech,8,1,False,2023-11-18
cust_149161,Company_230,Education,1000+,DE,2023-12-19 00:00:00,hello@company230229.corp,6,4,True,2024-01-02
cust_664058,Company_231,Non-Profit,11-50,US,2024-04-29 00:00:00,hello@company231230.company,2,3,True,
cust_684357,Company_232,Education,11-50,CA,2024-06-26 00:00:00,hello@company232231.inc,2,2,True,
cust_299734,Company_233,Technology,51-200,NL,2023-02-22 00:00:00,contact@company233232.io,5,2,False,2023-03-08
cust_602681,Company_234,Retail,51-200,SE,2023-08-02 00:00:00,support@company234233.company,7,2,False,
cust_354377,Company_235,Legal,1000+,US,2024-09-10 00:00:00,admin@company235234.co,8,3,True,
cust_423404,Company_236,Healthcare,51-200,AU,2023-09-25 00:00:00,support@company236235.co,4,3,False,2023-10-09
cust_312994,Company_237,Retail,51-200,DE,2024-01-15 00:00:00,info@company237236.inc,4,2,True,2024-01-29
cust_854987,Company_238,Media,51-200,UK,2024-03-03 00:00:00,contact@company238237.co,3,2,True,
cust_453961,Company_239,Real Estate,201-500,UK,2023-09-21 00:00:00,support@company239238.inc,5,4,True,
cust_612036,Company_240,Legal,501-1000,US,2023-07-08 00:00:00,info@company240239.tech,8,4,True,2023-07-22
cust_244170,Company_241,Retail,11-50,UK,2024-10-07 00:00:00,admin@company241240.company,1,1,False,
cust_746467,Company_242,Legal,1000+,US,2024-05-09 00:00:00,info@company242241.io,1,3,False,2024-05-23
cust_400614,Company_243,Government,501-1000,SE,2023-01-18 00:00:00,contact@company243242.company,5,4,False,2023-02-01
cust_352674,Company_244,Manufacturing,501-1000,AU,2023-07-16 00:00:00,info@company244243.inc,6,3,False,2023-07-30
cust_355021,Company_245,Marketing,51-200,BR,2023-08-20 00:00:00,support@company245244.company,7,3,True,2023-09-03
cust_679549,Company_246,Healthcare,1-10,UK,2024-05-02 00:00:00,hello@company246245.tech,5,2,False,2024-05-16
cust_999636,Company_247,Energy,501-1000,FR,2023-04-08 00:00:00,team@company247246.co,2,4,True,
cust_817675,Company_248,Energy,501-1000,FR,2023-10-15 00:00:00,info@company248247.corp,1,3,True,
cust_847332,Company_249,Consulting,1-10,FR,2024-02-12 00:00:00,hello@company249248.tech,4,1,False,2024-02-26
cust_892313,Company_250,Education,1000+,US,2023-05-24 00:00:00,hello@company250249.corp,4,4,False,2023-06-07
cust_906360,Company_251,Technology,501-1000,CA,2024-09-20 00:00:00,hello@company251250.co,6,3,True,2024-10-04
cust_493663,Company_252,Healthcare,11-50,AU,2024-03-18 00:00:00,admin@company252251.corp,5,2,False,2024-04-01
cust_261712,Company_253,Media,1000+,US,2024-01-25 00:00:00,info@company253252.company,1,4,True,2024-02-08
cust_477400,Company_254,Real Estate,1-10,UK,2023-10-04 00:00:00,team@company254253.co,1,1,True,2023-10-18
cust_681141,Company_255,Media,501-1000,US,2023-04-06 00:00:00,hello@company255254.co,3,3,False,
cust_686716,Company_256,Finance,501-1000,US,2023-09-06 00:00:00,admin@company256255.inc,5,3,True,2023-09-20
cust_555791,Company_257,Education,201-500,US,2023-10-10 00:00:00,contact@company257256.tech,6,2,False,2023-10-24
cust_305047,Company_258,Media,1-10,US,2024-04-13 00:00:00,team@company258257.co,1,1,False,2024-04-27
cust_450996,Company_259,Education,1000+,CA,2024-03-16 00:00:00,support@company259258.corp,1,4,True,2024-03-30
cust_517584,Company_260,Consulting,51-200,AU,2023-11-23 00:00:00,admin@company260259.co,5,3,True,
cust_482746,Company_261,Finance,501-1000,DE,2023-04-27 00:00:00,team@company261260.company,10,2,False,2023-05-11
cust_842776,Company_262,Healthcare,201-500,AU,2023-08-03 00:00:00,hello@company262261.tech,7,3,True,
cust_353777,Company_263,Media,1000+,US,2023-09-16 00:00:00,team@company263262.co,4,2,True,2023-09-30
cust_825309,Company_264,Non-Profit,501-1000,NL,2024-03-04 00:00:00,team@company264263.io,9,1,False,2024-03-18
cust_906306,Company_265,Consulting,1000+,US,2023-09-12 00:00:00,support@company265264.tech,1,4,False,
cust_447704,Company_266,Legal,1-10,DE,2024-03-16 00:00:00,team@company266265.io,2,1,False,2024-03-30
cust_492292,Company_267,Legal,201-500,US,2024-02-05 00:00:00,info@company267266.co,5,3,True,2024-02-19
cust_190025,Company_268,Real Estate,1000+,AU,2023-04-29 00:00:00,team@company268267.co,2,2,True,2023-05-13
cust_857065,Company_269,Non-Profit,51-200,US,2024-04-08 00:00:00,admin@company269268.tech,1,1,True,
cust_876459,Company_270,Legal,501-1000,US,2023-09-07 00:00:00,hello@company270269.corp,1,2,False,
cust_295440,Company_271,Consulting,1000+,NL,2024-10-17 00:00:00,hello@company271270.io,1,3,True,2024-10-31
cust_325230,Company_272,Healthcare,51-200,CA,2023-07-30 00:00:00,team@company272271.corp,6,3,True,2023-08-13
cust_219490,Company_273,Marketing,1000+,US,2023-09-26 00:00:00,hello@company273272.io,4,4,True,2023-10-10
cust_469082,Company_274,Government,501-1000,US,2024-04-13 00:00:00,team@company274273.io,5,2,True,2024-04-27
cust_223586,Company_275,Finance,51-200,UK,2023-09-02 00:00:00,hello@company275274.io,3,2,True,2023-09-16
cust_294776,Company_276,Energy,1000+,BR,2024-05-13 00:00:00,team@company276275.corp,8,3,True,2024-05-27
cust_429861,Company_277,Technology,501-1000,UK,2024-04-06 00:00:00,contact@company277276.co,3,2,False,2024-04-20
cust_619013,Company_278,Real Estate,1000+,UK,2024-02-23 00:00:00,info@company278277.io,5,3,True,
cust_406278,Company_279,Government,51-200,UK,2023-02-03 00:00:00,support@company279278.co,2,2,True,2023-02-17
cust_219754,Company_280,Transportation,501-1000,AU,2023-10-02 00:00:00,support@company280279.co,3,4,True,
cust_207391,Company_281,Real Estate,11-50,US,2024-10-31 00:00:00,info@company281280.co,10,1,False,2024-11-14
cust_951327,Company_282,Education,11-50,FR,2023-08-31 00:00:00,team@company282281.tech,5,3,True,
cust_922974,Company_283,Legal,11-50,US,2023-07-31 00:00:00,team@company283282.corp,4,3,True,
cust_403387,Company_284,Energy,51-200,DE,2024-08-09 00:00:00,info@company284283.corp,4,4,False,
cust_162165,Company_285,Retail,1000+,US,2023-10-11 00:00:00,admin@company285284.corp,7,2,False,
cust_613234,Company_286,Media,501-1000,UK,2023-05-26 00:00:00,support@company286285.company,5,4,True,
cust_828449,Company_287,Technology,201-500,FR,2024-01-13 00:00:00,support@company287286.company,3,4,False,2024-01-27
cust_796405,Company_288,Media,1-10,FR,2024-01-02 00:00:00,hello@company288287.inc,3,2,True,2024-01-16
cust_673896,Company_289,Education,11-50,NL,2024-08-14 00:00:00,info@company289288.company,4,2,True,
cust_581906,Company_290,Real Estate,1-10,US,2023-01-17 00:00:00,hello@company290289.corp,1,3,False,
cust_781571,Company_291,Healthcare,11-50,CA,2023-11-06 00:00:00,admin@company291290.company,7,3,True,
cust_273565,Company_292,Government,201-500,US,2023-02-23 00:00:00,support@company292291.company,5,3,False,2023-03-09
cust_599968,Company_293,Real Estate,11-50,US,2023-03-21 00:00:00,support@company293292.inc,4,2,False,
cust_542828,Company_294,Non-Profit,201-500,AU,2023-05-16 00:00:00,info@company294293.inc,3,1,True,2023-05-30
cust_501312,Company_295,Legal,1000+,UK,2023-05-17 00:00:00,team@company295294.tech,1,4,True,2023-05-31
cust_323404,Company_296,Marketing,1000+,US,2024-10-05 00:00:00,contact@company296295.company,4,2,False,2024-10-19
cust_229139,Company_297,Education,1000+,AU,2024-08-26 00:00:00,contact@company297296.inc,9,3,False,2024-09-09
cust_730193,Company_298,Non-Profit,1000+,US,2024-09-06 00:00:00,support@company298297.inc,6,4,True,
cust_297810,Company_299,Government,51-200,JP,2024-02-06 00:00:00,hello@company299298.co,6,3,True,2024-02-20
cust_722780,Company_300,Education,501-1000,SE,2023-03-14 00:00:00,contact@company300299.co,1,4,False,2023-03-28
cust_483162,Company_301,Government,1000+,US,2024-07-13 00:00:00,team@company301300.company,4,2,True,2024-07-27
cust_163406,Company_302,Government,501-1000,US,2024-02-12 00:00:00,support@company302301.co,5,3,True,2024-02-26
cust_745972,Company_303,Energy,51-200,US,2023-06-06 00:00:00,contact@company303302.io,1,1,True,2023-06-20
cust_900298,Company_304,Media,1000+,DE,2024-10-27 00:00:00,contact@company304303.company,2,4,True,
cust_221620,Company_305,Non-Profit,501-1000,CA,2024-04-09 00:00:00,contact@company305304.company,2,4,True,2024-04-23
cust_111901,Company_306,Government,201-500,FR,2023-06-17 00:00:00,admin@company306305.corp,4,4,True,
cust_381819,Company_307,Legal,1-10,US,2023-05-01 00:00:00,support@company307306.io,4,1,False,2023-05-15
cust_635593,Company_308,Education,1-10,US,2024-01-04 00:00:00,info@company308307.io,4,2,False,2024-01-18
cust_876764,Company_309,Retail,1-10,US,2024-06-05 00:00:00,admin@company309308.co,7,1,False,2024-06-19
cust_999138,Company_310,Marketing,501-1000,US,2023-02-06 00:00:00,admin@company310309.corp,5,4,True,
cust_384434,Company_311,Energy,501-1000,US,2023-03-21 00:00:00,contact@company311310.io,4,3,False,
cust_172274,Company_312,Healthcare,51-200,UK,2024-04-21 00:00:00,info@company312311.inc,2,3,True,2024-05-05
cust_418672,Company_313,Real Estate,11-50,BR,2024-09-29 00:00:00,contact@company313312.tech,5,2,False,
cust_357034,Company_314,Legal,1-10,US,2023-06-04 00:00:00,support@company314313.company,1,3,False,2023-06-18
cust_789233,Company_315,Legal,1000+,BR,2024-01-21 00:00:00,hello@company315314.co,1,4,False,
cust_249289,Company_316,Transportation,1-10,UK,2023-10-14 00:00:00,support@company316315.inc,2,1,True,
cust_708982,Company_317,Healthcare,501-1000,CA,2023-04-08 00:00:00,info@company317316.co,6,2,False,2023-04-22
cust_405844,Company_318,Transportation,51-200,DE,2023-09-25 00:00:00,admin@company318317.co,3,4,True,2023-10-09
cust_312559,Company_319,Real Estate,501-1000,UK,2023-05-20 00:00:00,hello@company319318.company,1,2,True,
cust_317722,Company_320,Healthcare,51-200,US,2024-04-07 00:00:00,support@company320319.inc,7,3,False,
cust_142288,Company_321,Education,51-200,US,2023-08-09 00:00:00,info@company321320.tech,5,2,True,
cust_282313,Company_322,Legal,201-500,US,2023-02-01 00:00:00,hello@company322321.company,4,4,False,2023-02-15
cust_112537,Company_323,Education,11-50,DE,2023-03-05 00:00:00,support@company323322.company,6,1,True,2023-03-19
cust_952227,Company_324,Marketing,1-10,US,2023-03-18 00:00:00,contact@company324323.company,1,4,False,
cust_447655,Company_325,Energy,1-10,CA,2023-05-06 00:00:00,support@company325324.co,1,3,True,2023-05-20
cust_547389,Company_326,Manufacturing,51-200,US,2023-06-26 00:00:00,contact@company326325.company,1,2,False,
cust_778720,Company_327,Technology,201-500,US,2023-10-30 00:00:00,hello@company327326.corp,4,2,True,
cust_935922,Company_328,Government,11-50,US,2024-06-22 00:00:00,hello@company328327.tech,6,2,True,2024-07-06
cust_608223,Company_329,Finance,501-1000,US,2023-12-19 00:00:00,team@company329328.corp,3,3,True,
cust_394579,Company_330,Retail,201-500,BR,2023-03-01 00:00:00,info@company330329.corp,6,3,False,2023-03-15
cust_955937,Company_331,Media,11-50,US,2023-02-27 00:00:00,contact@company331330.corp,9,2,True,2023-03-13
cust_873959,Company_332,Consulting,501-1000,UK,2024-01-03 00:00:00,team@company332331.corp,5,1,False,
cust_616137,Company_333,Technology,51-200,US,2024-07-09 00:00:00,contact@company333332.company,1,2,True,2024-07-23
cust_743966,Company_334,Government,11-50,FR,2023-07-26 00:00:00,admin@company334333.company,1,1,True,2023-08-09
cust_248533,Company_335,Education,501-1000,DE,2023-04-24 00:00:00,support@company335334.co,9,4,True,2023-05-08
cust_438273,Company_336,Marketing,11-50,JP,2023-05-20 00:00:00,support@company336335.inc,4,2,True,
cust_827250,Company_337,Finance,51-200,US,2024-09-20 00:00:00,support@company337336.tech,5,2,True,2024-10-04
cust_101885,Company_338,Consulting,201-500,US,2024-08-09 00:00:00,team@company338337.inc,6,4,False,
cust_331625,Company_339,Education,501-1000,DE,2024-10-16 00:00:00,contact@company339338.inc,4,2,False,2024-10-30
cust_193035,Company_340,Technology,1000+,US,2024-11-17 00:00:00,contact@company340339.tech,3,4,True,2024-12-01
cust_213282,Company_341,Finance,1-10,NL,2023-01-02 00:00:00,hello@company341340.co,6,2,True,2023-01-16
cust_969067,Company_342,Finance,501-1000,UK,2024-05-05 00:00:00,info@company342341.inc,5,4,True,2024-05-19
cust_209812,Company_343,Non-Profit,51-200,US,2023-03-17 00:00:00,info@company343342.inc,3,2,True,
cust_606186,Company_344,Energy,201-500,US,2023-02-01 00:00:00,info@company344343.company,1,4,True,
cust_529161,Company_345,Marketing,1000+,US,2024-07-21 00:00:00,contact@company345344.company,4,4,True,2024-08-04
cust_980651,Company_346,Healthcare,11-50,US,2024-05-17 00:00:00,support@company346345.tech,1,1,False,2024-05-31
cust_126985,Company_347,Real Estate,11-50,FR,2023-07-31 00:00:00,admin@company347346.co,9,2,True,
cust_377877,Company_348,Energy,1000+,US,2023-04-04 00:00:00,contact@company348347.co,1,3,True,2023-04-18
cust_376195,Company_349,Non-Profit,51-200,CA,2023-08-20 00:00:00,info@company349348.tech,1,3,True,2023-09-03
cust_893202,Company_350,Transportation,11-50,UK,2024-08-26 00:00:00,team@company350349.tech,7,2,False,2024-09-09
cust_347088,Company_351,Non-Profit,51-200,US,2024-05-02 00:00:00,team@company351350.io,7,1,False,
cust_750403,Company_352,Finance,1-10,BR,2023-05-31 00:00:00,contact@company352351.corp,4,3,True,2023-06-14
cust_816308,Company_353,Transportation,11-50,CA,2024-03-21 00:00:00,admin@company353352.tech,5,4,False,2024-04-04
cust_506951,Company_354,Legal,201-500,UK,2024-07-23 00:00:00,info@company354353.tech,7,3,False,2024-08-06
cust_539976,Company_355,Consulting,201-500,AU,2023-04-26 00:00:00,info@company355354.company,4,2,True,2023-05-10
cust_399990,Company_356,Marketing,51-200,UK,2024-07-02 00:00:00,team@company356355.co,2,4,True,2024-07-16
cust_250840,Company_357,Media,501-1000,NL,2024-09-25 00:00:00,admin@company357356.tech,4,4,True,
cust_381631,Company_358,Manufacturing,1-10,US,2024-01-17 00:00:00,hello@company358357.tech,6,1,False,
cust_339030,Company_359,Transportation,51-200,US,2023-05-18 00:00:00,support@company359358.co,4,4,False,2023-06-01
cust_563173,Company_360,Transportation,201-500,US,2023-08-05 00:00:00,info@company360359.io,6,3,False,2023-08-19
cust_844037,Company_361,Energy,201-500,UK,2024-06-02 00:00:00,contact@company361360.corp,7,2,False,2024-06-16
cust_160426,Company_362,Non-Profit,1-10,US,2023-09-13 00:00:00,admin@company362361.co,8,2,True,
cust_229890,Company_363,Real Estate,1-10,US,2024-11-28 00:00:00,hello@company363362.io,4,1,True,2024-12-12
cust_978343,Company_364,Technology,1000+,US,2023-09-22 00:00:00,contact@company364363.io,1,4,False,2023-10-06
cust_332103,Company_365,Media,11-50,UK,2024-10-24 00:00:00,support@company365364.company,2,2,True,2024-11-07
cust_281614,Company_366,Manufacturing,1-10,DE,2024-09-07 00:00:00,support@company366365.tech,5,1,True,
cust_992952,Company_367,Marketing,201-500,UK,2023-12-24 00:00:00,team@company367366.co,4,2,True,2024-01-07
cust_794530,Company_368,Manufacturing,501-1000,DE,2024-01-19 00:00:00,hello@company368367.company,5,4,True,2024-02-02
cust_440930,Company_369,Marketing,51-200,US,2023-10-11 00:00:00,contact@company369368.io,8,3,False,
cust_944554,Company_370,Non-Profit,201-500,US,2024-09-06 00:00:00,hello@company370369.inc,5,3,True,2024-09-20
cust_507135,Company_371,Retail,501-1000,US,2023-02-06 00:00:00,support@company371370.corp,4,4,False,
cust_598844,Company_372,Transportation,51-200,CA,2024-11-18 00:00:00,team@company372371.corp,7,3,True,2024-12-02
cust_876909,Company_373,Finance,1000+,JP,2023-09-22 00:00:00,admin@company373372.tech,6,4,True,2023-10-06
cust_880360,Company_374,Manufacturing,201-500,CA,2023-11-11 00:00:00,hello@company374373.company,3,3,True,
cust_711922,Company_375,Legal,501-1000,US,2024-08-17 00:00:00,support@company375374.co,7,2,True,2024-08-31
cust_995735,Company_376,Consulting,11-50,NL,2023-06-04 00:00:00,hello@company376375.corp,3,4,True,
cust_916779,Company_377,Education,201-500,CA,2023-03-24 00:00:00,info@company377376.co,9,2,True,
cust_276795,Company_378,Healthcare,11-50,US,2024-08-13 00:00:00,hello@company378377.tech,6,2,True,2024-08-27
cust_600590,Company_379,Education,1-10,JP,2024-01-28 00:00:00,admin@company379378.io,1,1,True,
cust_757128,Company_380,Finance,11-50,US,2023-09-12 00:00:00,team@company380379.io,3,2,True,2023-09-26
cust_147939,Company_381,Legal,51-200,US,2023-11-02 00:00:00,support@company381380.corp,4,3,True,
cust_476701,Company_382,Media,11-50,US,2023-07-12 00:00:00,contact@company382381.tech,8,3,False,2023-07-26
cust_122977,Company_383,Marketing,501-1000,AU,2024-08-26 00:00:00,hello@company383382.tech,3,2,True,2024-09-09
cust_150947,Company_384,Technology,1-10,US,2024-08-31 00:00:00,info@company384383.co,5,2,True,2024-09-14
cust_365015,Company_385,Marketing,1000+,US,2024-04-30 00:00:00,hello@company385384.tech,5,2,True,2024-05-14
cust_753050,Company_386,Healthcare,1000+,UK,2024-09-12 00:00:00,team@company386385.company,7,2,True,
cust_621917,Company_387,Legal,501-1000,BR,2023-07-23 00:00:00,admin@company387386.tech,2,2,True,2023-08-06
cust_674765,Company_388,Retail,11-50,US,2024-05-23 00:00:00,support@company388387.company,4,2,False,
cust_801520,Company_389,Healthcare,11-50,DE,2024-05-20 00:00:00,info@company389388.inc,6,3,False,2024-06-03
cust_410401,Company_390,Transportation,201-500,US,2023-09-28 00:00:00,admin@company390389.inc,6,1,False,2023-10-12
cust_874415,Company_391,Technology,1-10,FR,2023-04-29 00:00:00,support@company391390.tech,7,3,True,2023-05-13
cust_558976,Company_392,Transportation,51-200,US,2024-09-28 00:00:00,info@company392391.co,1,4,True,2024-10-12
cust_976303,Company_393,Marketing,1000+,NL,2024-01-30 00:00:00,contact@company393392.company,6,4,True,
cust_985364,Company_394,Government,1-10,UK,2023-06-13 00:00:00,hello@company394393.corp,5,2,False,
cust_741055,Company_395,Energy,1000+,US,2023-01-30 00:00:00,hello@company395394.company,5,4,False,2023-02-13
cust_166412,Company_396,Marketing,1000+,UK,2023-09-25 00:00:00,support@company396395.io,5,3,False,2023-10-09
cust_802382,Company_397,Healthcare,501-1000,US,2023-12-13 00:00:00,support@company397396.corp,5,3,True,
cust_772561,Company_398,Consulting,11-50,US,2024-01-30 00:00:00,support@company398397.corp,4,3,True,2024-02-13
cust_619920,Company_399,Education,1-10,BR,2023-06-19 00:00:00,info@company399398.io,3,2,True,
cust_522866,Company_400,Real Estate,1-10,US,2023-08-29 00:00:00,hello@company400399.co,6,2,True,
cust_881439,Company_401,Legal,1-10,UK,2024-10-31 00:00:00,info@company401400.io,4,1,False,
cust_633030,Company_402,Education,11-50,US,2024-07-29 00:00:00,info@company402401.corp,4,2,False,2024-08-12
cust_904694,Company_403,Non-Profit,501-1000,UK,2024-09-26 00:00:00,info@company403402.tech,5,3,True,2024-10-10
cust_970196,Company_404,Healthcare,51-200,US,2024-10-10 00:00:00,contact@company404403.co,3,3,True,
cust_856609,Company_405,Healthcare,1-10,SE,2024-02-24 00:00:00,hello@company405404.corp,1,1,True,
cust_851606,Company_406,Marketing,1-10,FR,2023-12-13 00:00:00,team@company406405.company,1,2,False,2023-12-27
cust_790441,Company_407,Legal,501-1000,DE,2024-08-26 00:00:00,team@company407406.co,4,2,False,2024-09-09
cust_633025,Company_408,Finance,1000+,US,2023-07-01 00:00:00,support@company408407.io,6,3,False,2023-07-15
cust_503348,Company_409,Manufacturing,501-1000,US,2024-03-04 00:00:00,admin@company409408.inc,6,4,True,2024-03-18
cust_532794,Company_410,Transportation,1000+,DE,2024-09-08 00:00:00,admin@company410409.tech,4,4,False,2024-09-22
cust_327900,Company_411,Education,11-50,SE,2023-07-25 00:00:00,contact@company411410.tech,2,2,False,
cust_628370,Company_412,Government,1000+,US,2024-07-09 00:00:00,hello@company412411.io,5,4,True,
cust_537757,Company_413,Energy,1000+,FR,2024-11-21 00:00:00,info@company413412.io,4,4,True,2024-12-05
cust_155642,Company_414,Finance,1-10,BR,2024-11-17 00:00:00,support@company414413.inc,6,1,True,2024-12-01
cust_922458,Company_415,Transportation,11-50,UK,2023-10-30 00:00:00,team@company415414.tech,1,2,False,
cust_878476,Company_416,Government,501-1000,AU,2024-10-24 00:00:00,admin@company416415.tech,4,3,False,
cust_506380,Company_417,Technology,1000+,DE,2024-03-02 00:00:00,contact@company417416.io,4,3,False,
cust_564586,Company_418,Government,1000+,CA,2023-08-19 00:00:00,support@company418417.io,5,4,True,
cust_302897,Company_419,Finance,201-500,JP,2023-10-29 00:00:00,support@company419418.io,5,2,True,2023-11-12
cust_392670,Company_420,Manufacturing,51-200,US,2024-07-23 00:00:00,hello@company420419.tech,5,2,False,2024-08-06
cust_438302,Company_421,Transportation,1-10,CA,2024-09-03 00:00:00,hello@company421420.io,5,2,True,2024-09-17
cust_842057,Company_422,Healthcare,501-1000,AU,2023-11-22 00:00:00,contact@company422421.co,1,3,True,2023-12-06
cust_466375,Company_423,Manufacturing,11-50,US,2023-08-15 00:00:00,team@company423422.io,3,2,True,2023-08-29
cust_888669,Company_424,Retail,1-10,NL,2024-10-26 00:00:00,team@company424423.io,3,1,True,2024-11-09
cust_436526,Company_425,Manufacturing,1-10,US,2024-01-26 00:00:00,team@company425424.inc,4,2,True,2024-02-09
cust_610451,Company_426,Legal,51-200,US,2023-02-14 00:00:00,info@company426425.corp,1,4,False,
cust_659106,Company_427,Government,1000+,US,2023-01-08 00:00:00,support@company427426.co,5,2,False,2023-01-22
cust_969005,Company_428,Marketing,1000+,US,2024-03-21 00:00:00,hello@company428427.tech,1,4,True,2024-04-04
cust_156904,Company_429,Retail,51-200,SE,2023-07-02 00:00:00,hello@company429428.co,4,3,True,2023-07-16
cust_431773,Company_430,Marketing,201-500,DE,2023-01-18 00:00:00,info@company430429.tech,4,3,True,
cust_176115,Company_431,Manufacturing,501-1000,CA,2024-01-02 00:00:00,admin@company431430.co,6,2,True,
cust_132316,Company_432,Media,11-50,AU,2024-04-30 00:00:00,team@company432431.inc,1,2,False,2024-05-14
cust_810189,Company_433,Transportation,51-200,UK,2024-10-25 00:00:00,info@company433432.company,1,4,True,2024-11-08
cust_663244,Company_434,Energy,1-10,DE,2024-07-14 00:00:00,contact@company434433.co,6,1,False,
cust_249375,Company_435,Retail,11-50,US,2023-06-14 00:00:00,support@company435434.io,7,1,False,
cust_675512,Company_436,Healthcare,1000+,US,2024-04-17 00:00:00,contact@company436435.tech,2,3,True,
cust_474486,Company_437,Consulting,1000+,US,2023-05-12 00:00:00,contact@company437436.inc,1,4,True,2023-05-26
cust_791454,Company_438,Education,1000+,AU,2023-11-10 00:00:00,hello@company438437.corp,4,3,True,2023-11-24
cust_332286,Company_439,Marketing,201-500,DE,2024-10-18 00:00:00,hello@company439438.co,3,2,True,
cust_610626,Company_440,Transportation,1-10,US,2024-07-18 00:00:00,contact@company440439.io,5,1,True,
cust_757057,Company_441,Legal,1000+,CA,2023-03-20 00:00:00,team@company441440.io,1,2,True,2023-04-03
cust_138436,Company_442,Real Estate,51-200,CA,2024-07-18 00:00:00,contact@company442441.inc,10,3,True,
cust_718241,Company_443,Media,11-50,US,2023-10-25 00:00:00,info@company443442.tech,4,2,True,
cust_743863,Company_444,Finance,11-50,US,2024-12-01 00:00:00,team@company444443.tech,1,2,False,2024-12-15
cust_867562,Company_445,Retail,51-200,US,2024-05-10 00:00:00,admin@company445444.corp,6,1,True,2024-05-24
cust_929906,Company_446,Technology,201-500,US,2024-01-05 00:00:00,support@company446445.inc,4,3,True,
cust_764343,Company_447,Finance,1000+,US,2023-10-08 00:00:00,hello@company447446.inc,4,3,True,
cust_181618,Company_448,Legal,51-200,US,2024-06-13 00:00:00,admin@company448447.co,7,2,False,
cust_106918,Company_449,Legal,11-50,CA,2024-05-28 00:00:00,contact@company449448.corp,2,2,True,2024-06-11
cust_852146,Company_450,Non-Profit,1000+,US,2023-05-02 00:00:00,support@company450449.co,6,3,True,2023-05-16
cust_778700,Company_451,Consulting,1-10,US,2024-02-25 00:00:00,support@company451450.io,1,1,True,2024-03-10
cust_158627,Company_452,Media,51-200,CA,2023-06-20 00:00:00,team@company452451.tech,4,4,True,
cust_793889,Company_453,Real Estate,1-10,FR,2023-10-18 00:00:00,contact@company453452.corp,5,1,False,
cust_933215,Company_454,Finance,11-50,DE,2024-08-19 00:00:00,admin@company454453.co,4,2,True,2024-09-02
cust_496583,Company_455,Transportation,11-50,NL,2024-01-30 00:00:00,support@company455454.co,2,1,False,
cust_286040,Company_456,Legal,501-1000,UK,2024-05-02 00:00:00,info@company456455.company,7,3,True,2024-05-16
cust_732789,Company_457,Marketing,1-10,US,2024-07-06 00:00:00,hello@company457456.inc,6,3,False,
cust_549793,Company_458,Consulting,201-500,AU,2023-08-23 00:00:00,support@company458457.io,3,3,True,2023-09-06
cust_600318,Company_459,Media,1-10,US,2023-08-27 00:00:00,info@company459458.tech,7,1,False,2023-09-10
cust_647923,Company_460,Non-Profit,501-1000,AU,2023-05-01 00:00:00,hello@company460459.inc,5,1,True,2023-05-15
cust_713805,Company_461,Education,51-200,CA,2023-09-17 00:00:00,support@company461460.co,4,4,False,2023-10-01
cust_921861,Company_462,Real Estate,201-500,US,2024-07-24 00:00:00,admin@company462461.io,4,2,True,
cust_871523,Company_463,Government,1000+,DE,2023-05-22 00:00:00,contact@company463462.company,2,2,True,2023-06-05
cust_454877,Company_464,Finance,501-1000,US,2024-07-17 00:00:00,support@company464463.company,5,4,False,
cust_594580,Company_465,Education,201-500,US,2024-09-06 00:00:00,info@company465464.tech,2,1,True,
cust_743789,Company_466,Technology,501-1000,JP,2024-11-02 00:00:00,contact@company466465.tech,9,3,True,2024-11-16
cust_991884,Company_467,Consulting,501-1000,UK,2024-11-03 00:00:00,support@company467466.corp,1,3,False,
cust_477214,Company_468,Manufacturing,1000+,AU,2023-09-02 00:00:00,admin@company468467.tech,1,1,True,2023-09-16
cust_642892,Company_469,Legal,1000+,US,2023-01-16 00:00:00,team@company469468.io,8,4,True,
cust_389939,Company_470,Media,501-1000,CA,2023-08-20 00:00:00,admin@company470469.corp,4,4,True,2023-09-03
cust_175902,Company_471,Legal,51-200,JP,2024-05-30 00:00:00,team@company471470.io,1,2,True,2024-06-13
cust_495397,Company_472,Government,201-500,UK,2024-07-30 00:00:00,hello@company472471.io,6,3,False,2024-08-13
cust_370343,Company_473,Marketing,201-500,DE,2023-03-11 00:00:00,admin@company473472.co,10,3,False,2023-03-25
cust_110195,Company_474,Non-Profit,11-50,FR,2023-09-27 00:00:00,info@company474473.io,3,1,False,2023-10-11
cust_470711,Company_475,Marketing,501-1000,SE,2023-08-12 00:00:00,contact@company475474.co,8,3,False,2023-08-26
cust_353814,Company_476,Transportation,11-50,CA,2023-09-29 00:00:00,contact@company476475.company,7,1,True,2023-10-13
cust_795650,Company_477,Technology,501-1000,FR,2024-05-19 00:00:00,admin@company477476.io,7,1,True,
cust_702427,Company_478,Legal,201-500,US,2023-10-09 00:00:00,contact@company478477.io,6,2,True,2023-10-23
cust_543732,Company_479,Transportation,501-1000,DE,2024-05-04 00:00:00,contact@company479478.co,3,1,False,
cust_582418,Company_480,Media,1000+,CA,2023-11-20 00:00:00,admin@company480479.inc,5,1,False,2023-12-04
cust_675210,Company_481,Education,11-50,US,2023-09-27 00:00:00,hello@company481480.co,8,1,True,
cust_490394,Company_482,Finance,201-500,BR,2024-01-09 00:00:00,support@company482481.corp,1,2,False,
cust_943146,Company_483,Finance,501-1000,AU,2023-08-30 00:00:00,support@company483482.corp,3,3,True,2023-09-13
cust_541996,Company_484,Legal,11-50,UK,2024-05-26 00:00:00,admin@company484483.co,7,4,True,2024-06-09
cust_695417,Company_485,Retail,201-500,AU,2023-02-18 00:00:00,hello@company485484.tech,1,1,True,
cust_372387,Company_486,Manufacturing,51-200,US,2024-01-05 00:00:00,hello@company486485.company,8,3,True,
cust_734992,Company_487,Finance,501-1000,BR,2023-07-23 00:00:00,admin@company487486.inc,5,3,True,2023-08-06
cust_912378,Company_488,Marketing,1-10,JP,2024-04-02 00:00:00,contact@company488487.tech,2,2,False,2024-04-16
cust_761938,Company_489,Healthcare,501-1000,US,2024-09-19 00:00:00,contact@company489488.inc,7,3,True,2024-10-03
cust_380465,Company_490,Government,1000+,FR,2024-09-11 00:00:00,admin@company490489.tech,7,3,True,
cust_534098,Company_491,Retail,11-50,CA,2023-06-21 00:00:00,support@company491490.tech,1,3,False,2023-07-05
cust_516332,Company_492,Legal,1-10,US,2023-04-16 00:00:00,hello@company492491.io,7,1,False,2023-04-30
cust_375201,Company_493,Media,11-50,US,2024-09-24 00:00:00,contact@company493492.tech,8,1,True,
cust_237654,Company_494,Transportation,11-50,SE,2024-06-23 00:00:00,hello@company494493.co,5,1,False,2024-07-07
cust_385647,Company_495,Legal,201-500,US,2024-07-15 00:00:00,team@company495494.co,8,2,False,
cust_691380,Company_496,Energy,501-1000,US,2024-03-21 00:00:00,team@company496495.corp,4,4,False,2024-04-04
cust_483551,Company_497,Legal,51-200,AU,2024-02-27 00:00:00,contact@company497496.inc,1,2,True,2024-03-12
cust_821179,Company_498,Government,201-500,US,2024-05-18 00:00:00,contact@company498497.company,6,2,True,2024-06-01
cust_687783,Company_499,Marketing,201-500,US,2024-03-23 00:00:00,hello@company499498.corp,5,2,True,2024-04-06
cust_351198,Company_500,Manufacturing,501-1000,CA,2024-06-13 00:00:00,team@company500499.inc,5,4,True,
cust_291267,Company_501,Real Estate,51-200,US,2023-05-20 00:00:00,team@company501500.co,4,2,True,2023-06-03
cust_152042,Company_502,Manufacturing,1-10,US,2024-07-01 00:00:00,hello@company502501.tech,1,1,True,2024-07-15
cust_115440,Company_503,Government,11-50,UK,2024-05-20 00:00:00,admin@company503502.co,2,1,False,2024-06-03
cust_184120,Company_504,Legal,1-10,UK,2023-05-30 00:00:00,contact@company504503.inc,3,1,False,
cust_227885,Company_505,Non-Profit,201-500,BR,2023-09-12 00:00:00,contact@company505504.co,4,3,False,2023-09-26
cust_798359,Company_506,Energy,201-500,US,2023-08-02 00:00:00,support@company506505.tech,9,2,True,
cust_646230,Company_507,Education,51-200,NL,2023-05-06 00:00:00,support@company507506.corp,2,3,False,2023-05-20
cust_555251,Company_508,Healthcare,1-10,US,2023-11-29 00:00:00,contact@company508507.company,2,1,False,2023-12-13
cust_824305,Company_509,Healthcare,1000+,US,2024-05-01 00:00:00,hello@company509508.company,3,3,False,2024-05-15
cust_896456,Company_510,Non-Profit,1-10,UK,2024-10-02 00:00:00,info@company510509.corp,5,1,True,2024-10-16
cust_685472,Company_511,Retail,51-200,US,2024-10-22 00:00:00,hello@company511510.inc,4,3,False,2024-11-05
cust_141406,Company_512,Non-Profit,1000+,UK,2024-05-11 00:00:00,team@company512511.corp,2,3,True,2024-05-25
cust_591147,Company_513,Healthcare,501-1000,UK,2023-10-09 00:00:00,hello@company513512.inc,4,4,False,2023-10-23
cust_576136,Company_514,Energy,1000+,US,2023-01-01 00:00:00,admin@company514513.io,6,3,True,
cust_790266,Company_515,Government,201-500,UK,2024-07-05 00:00:00,team@company515514.inc,5,2,True,
cust_215830,Company_516,Finance,501-1000,US,2023-04-09 00:00:00,info@company516515.corp,1,4,True,2023-04-23
cust_133362,Company_517,Legal,1000+,CA,2024-08-07 00:00:00,team@company517516.inc,5,4,True,2024-08-21
cust_852715,Company_518,Real Estate,1-10,SE,2023-03-14 00:00:00,info@company518517.co,2,3,False,2023-03-28
cust_685126,Company_519,Consulting,51-200,US,2024-03-01 00:00:00,info@company519518.tech,1,3,True,2024-03-15
cust_326387,Company_520,Media,1-10,US,2024-06-15 00:00:00,team@company520519.tech,2,1,True,
cust_287588,Company_521,Government,1000+,CA,2024-07-25 00:00:00,admin@company521520.tech,6,3,True,
cust_209159,Company_522,Marketing,11-50,US,2023-06-20 00:00:00,team@company522521.co,4,2,False,
cust_676802,Company_523,Transportation,51-200,DE,2023-11-29 00:00:00,team@company523522.corp,5,2,True,2023-12-13
cust_902903,Company_524,Real Estate,1000+,JP,2024-07-17 00:00:00,info@company524523.tech,9,3,True,2024-07-31
cust_117094,Company_525,Manufacturing,11-50,BR,2024-06-14 00:00:00,contact@company525524.inc,2,4,True,
cust_823222,Company_526,Consulting,501-1000,US,2023-10-10 00:00:00,info@company526525.co,4,3,True,2023-10-24
cust_484914,Company_527,Healthcare,11-50,CA,2024-08-19 00:00:00,team@company527526.corp,6,1,False,
cust_931420,Company_528,Non-Profit,11-50,CA,2024-05-09 00:00:00,info@company528527.io,7,2,False,2024-05-23
cust_947607,Company_529,Government,201-500,US,2024-08-13 00:00:00,hello@company529528.co,1,1,False,2024-08-27
cust_907812,Company_530,Technology,1000+,CA,2023-08-21 00:00:00,support@company530529.co,5,4,True,2023-09-04
cust_434827,Company_531,Retail,501-1000,US,2024-07-06 00:00:00,support@company531530.tech,4,2,False,
cust_889410,Company_532,Manufacturing,501-1000,AU,2024-09-01 00:00:00,contact@company532531.corp,2,3,True,2024-09-15
cust_881519,Company_533,Legal,501-1000,US,2023-02-20 00:00:00,support@company533532.corp,1,3,False,2023-03-06
cust_307731,Company_534,Consulting,201-500,BR,2024-05-14 00:00:00,team@company534533.corp,1,3,True,2024-05-28
cust_550956,Company_535,Marketing,1000+,US,2023-11-28 00:00:00,admin@company535534.inc,1,4,True,2023-12-12
cust_787247,Company_536,Transportation,51-200,BR,2023-01-25 00:00:00,hello@company536535.io,3,2,True,2023-02-08
cust_957915,Company_537,Non-Profit,11-50,FR,2023-08-28 00:00:00,info@company537536.tech,1,2,True,
cust_254850,Company_538,Manufacturing,1-10,UK,2023-10-22 00:00:00,info@company538537.inc,6,1,True,2023-11-05
cust_313701,Company_539,Consulting,501-1000,DE,2024-07-13 00:00:00,contact@company539538.tech,4,4,False,2024-07-27
cust_711324,Company_540,Manufacturing,501-1000,US,2024-11-10 00:00:00,support@company540539.io,1,1,True,2024-11-24
cust_108739,Company_541,Energy,201-500,CA,2023-03-10 00:00:00,info@company541540.company,5,3,True,
cust_505298,Company_542,Energy,201-500,US,2023-08-25 00:00:00,team@company542541.io,5,3,True,2023-09-08
cust_580233,Company_543,Legal,1000+,US,2024-07-28 00:00:00,hello@company543542.co,2,1,False,2024-08-11
cust_817552,Company_544,Legal,51-200,US,2023-12-27 00:00:00,info@company544543.tech,2,3,True,2024-01-10
cust_954441,Company_545,Education,501-1000,NL,2023-01-31 00:00:00,support@company545544.corp,2,4,True,2023-02-14
cust_810929,Company_546,Consulting,1000+,US,2024-09-19 00:00:00,admin@company546545.io,4,4,True,2024-10-03
cust_316800,Company_547,Retail,11-50,FR,2024-10-30 00:00:00,admin@company547546.tech,5,2,False,2024-11-13
cust_241822,Company_548,Finance,11-50,US,2024-03-16 00:00:00,team@company548547.io,4,2,False,2024-03-30
cust_433025,Company_549,Media,1000+,JP,2023-05-30 00:00:00,admin@company549548.co,2,1,False,
cust_767782,Company_550,Finance,11-50,US,2023-10-08 00:00:00,team@company550549.io,1,2,True,2023-10-22
cust_342128,Company_551,Healthcare,11-50,DE,2024-09-02 00:00:00,hello@company551550.corp,1,1,True,
cust_846606,Company_552,Real Estate,51-200,US,2024-10-27 00:00:00,contact@company552551.corp,3,2,True,
cust_115743,Company_553,Retail,201-500,AU,2023-10-04 00:00:00,info@company553552.corp,5,2,False,
cust_747033,Company_554,Retail,1000+,US,2024-05-16 00:00:00,info@company554553.io,4,3,False,2024-05-30
cust_428096,Company_555,Legal,501-1000,UK,2024-02-08 00:00:00,support@company555554.company,4,4,True,2024-02-22
cust_967182,Company_556,Non-Profit,11-50,US,2023-02-13 00:00:00,hello@company556555.io,3,2,False,
cust_299072,Company_557,Transportation,201-500,US,2023-10-26 00:00:00,contact@company557556.co,2,2,True,
cust_823468,Company_558,Healthcare,11-50,DE,2024-06-13 00:00:00,info@company558557.corp,5,2,False,
cust_829928,Company_559,Technology,11-50,US,2024-07-13 00:00:00,team@company559558.tech,3,2,False,
cust_194560,Company_560,Government,51-200,US,2023-09-14 00:00:00,support@company560559.company,7,3,True,
cust_764873,Company_561,Government,1-10,BR,2024-01-07 00:00:00,team@company561560.corp,3,2,True,2024-01-21
cust_905579,Company_562,Finance,51-200,US,2023-06-24 00:00:00,contact@company562561.corp,5,3,False,2023-07-08
cust_423026,Company_563,Marketing,1000+,US,2023-11-13 00:00:00,contact@company563562.corp,4,4,True,
cust_112800,Company_564,Technology,201-500,CA,2024-04-14 00:00:00,hello@company564563.corp,4,4,True,
cust_575779,Company_565,Retail,201-500,NL,2024-02-24 00:00:00,admin@company565564.io,5,1,False,
cust_317723,Company_566,Technology,11-50,US,2023-02-20 00:00:00,info@company566565.tech,5,1,True,
cust_447195,Company_567,Finance,1-10,DE,2023-03-31 00:00:00,team@company567566.tech,10,1,False,2023-04-14
cust_925551,Company_568,Education,11-50,SE,2024-07-29 00:00:00,info@company568567.inc,6,4,True,
cust_960109,Company_569,Real Estate,201-500,US,2023-03-11 00:00:00,support@company569568.inc,1,3,True,2023-03-25
cust_320038,Company_570,Marketing,501-1000,UK,2023-08-03 00:00:00,info@company570569.co,4,2,False,
cust_926471,Company_571,Legal,201-500,CA,2023-10-22 00:00:00,team@company571570.inc,2,3,False,
cust_620509,Company_572,Finance,1000+,NL,2024-06-16 00:00:00,contact@company572571.tech,4,4,True,2024-06-30
cust_223949,Company_573,Transportation,201-500,US,2023-01-25 00:00:00,team@company573572.co,1,3,True,2023-02-08
cust_687638,Company_574,Manufacturing,11-50,US,2024-10-14 00:00:00,info@company574573.inc,2,1,True,2024-10-28
cust_904291,Company_575,Non-Profit,1-10,UK,2023-01-07 00:00:00,info@company575574.corp,3,2,True,
cust_805139,Company_576,Real Estate,201-500,US,2024-05-05 00:00:00,hello@company576575.io,5,3,False,2024-05-19
cust_953715,Company_577,Consulting,1000+,DE,2024-02-28 00:00:00,admin@company577576.io,4,2,True,2024-03-13
cust_818791,Company_578,Transportation,51-200,US,2023-12-06 00:00:00,hello@company578577.tech,1,1,True,2023-12-20
cust_735111,Company_579,Government,11-50,US,2024-02-03 00:00:00,admin@company579578.tech,7,2,True,2024-02-17
cust_621199,Company_580,Retail,51-200,UK,2023-09-01 00:00:00,contact@company580579.company,8,3,True,2023-09-15
cust_311915,Company_581,Energy,201-500,UK,2023-04-05 00:00:00,contact@company581580.inc,6,3,False,
cust_649063,Company_582,Transportation,51-200,BR,2023-11-14 00:00:00,team@company582581.tech,7,2,False,2023-11-28
cust_138328,Company_583,Technology,201-500,US,2024-04-15 00:00:00,info@company583582.tech,4,3,False,
cust_449479,Company_584,Non-Profit,1-10,US,2024-04-23 00:00:00,team@company584583.inc,6,1,False,2024-05-07
cust_310297,Company_585,Real Estate,51-200,DE,2023-07-17 00:00:00,admin@company585584.corp,2,2,True,2023-07-31
cust_753205,Company_586,Legal,501-1000,US,2024-07-27 00:00:00,contact@company586585.tech,4,2,False,2024-08-10
cust_279594,Company_587,Real Estate,51-200,US,2023-03-14 00:00:00,info@company587586.co,3,3,False,2023-03-28
cust_502233,Company_588,Consulting,1-10,NL,2023-02-25 00:00:00,support@company588587.tech,1,2,False,
cust_427617,Company_589,Legal,11-50,US,2023-12-07 00:00:00,hello@company589588.io,5,2,True,
cust_832534,Company_590,Non-Profit,1-10,AU,2024-04-24 00:00:00,hello@company590589.corp,5,2,False,2024-05-08
cust_746910,Company_591,Marketing,51-200,US,2023-09-22 00:00:00,admin@company591590.co,5,2,True,2023-10-06
cust_218370,Company_592,Government,201-500,US,2023-12-26 00:00:00,team@company592591.corp,1,3,True,2024-01-09
cust_848969,Company_593,Manufacturing,51-200,UK,2023-04-20 00:00:00,hello@company593592.io,1,3,True,
cust_674566,Company_594,Transportation,201-500,DE,2023-06-12 00:00:00,hello@company594593.co,3,2,True,2023-06-26
cust_827851,Company_595,Energy,11-50,DE,2023-08-30 00:00:00,hello@company595594.company,1,2,True,2023-09-13
cust_682051,Company_596,Healthcare,201-500,CA,2023-04-10 00:00:00,support@company596595.io,8,2,False,2023-04-24
cust_618306,Company_597,Finance,1000+,NL,2024-10-22 00:00:00,support@company597596.company,2,2,False,
cust_574978,Company_598,Retail,51-200,US,2024-06-28 00:00:00,admin@company598597.inc,4,2,True,
cust_419343,Company_599,Healthcare,1000+,CA,2024-03-21 00:00:00,team@company599598.io,3,4,True,2024-04-04
cust_408474,Company_600,Technology,51-200,DE,2023-03-05 00:00:00,admin@company600599.company,9,4,False,
cust_346668,Company_601,Non-Profit,1000+,US,2024-03-18 00:00:00,hello@company601600.co,5,3,True,
cust_597938,Company_602,Education,11-50,FR,2023-05-23 00:00:00,contact@company602601.inc,7,2,False,
cust_240800,Company_603,Energy,1-10,UK,2023-01-12 00:00:00,hello@company603602.corp,1,2,True,
cust_536056,Company_604,Finance,1000+,UK,2024-04-11 00:00:00,hello@company604603.io,4,4,False,2024-04-25
cust_336706,Company_605,Transportation,201-500,DE,2023-07-10 00:00:00,support@company605604.io,4,3,True,
cust_704349,Company_606,Non-Profit,1-10,US,2024-01-11 00:00:00,team@company606605.co,4,4,False,2024-01-25
cust_865654,Company_607,Energy,51-200,CA,2024-06-23 00:00:00,contact@company607606.co,1,3,False,
cust_801200,Company_608,Manufacturing,1000+,CA,2023-03-21 00:00:00,admin@company608607.io,6,4,False,2023-04-04
cust_637566,Company_609,Government,501-1000,US,2024-04-25 00:00:00,contact@company609608.company,4,4,False,2024-05-09
cust_418841,Company_610,Finance,51-200,CA,2024-07-31 00:00:00,support@company610609.inc,4,1,False,
cust_400748,Company_611,Government,1-10,US,2024-05-11 00:00:00,contact@company611610.io,1,1,True,
cust_114892,Company_612,Finance,501-1000,CA,2023-04-25 00:00:00,admin@company612611.corp,5,2,True,
cust_608473,Company_613,Healthcare,501-1000,JP,2023-07-05 00:00:00,team@company613612.corp,3,4,False,
cust_533007,Company_614,Finance,11-50,US,2024-01-28 00:00:00,support@company614613.inc,5,2,True,2024-02-11
cust_959340,Company_615,Manufacturing,1-10,UK,2023-04-29 00:00:00,team@company615614.corp,3,1,True,
cust_597643,Company_616,Manufacturing,11-50,SE,2023-09-26 00:00:00,hello@company616615.co,4,2,False,
cust_816047,Company_617,Transportation,1-10,US,2023-02-12 00:00:00,support@company617616.inc,5,3,True,2023-02-26
cust_203050,Company_618,Marketing,1000+,DE,2023-09-19 00:00:00,support@company618617.tech,4,3,True,2023-10-03
cust_453796,Company_619,Technology,1000+,DE,2024-11-24 00:00:00,info@company619618.company,2,4,True,2024-12-08
cust_818798,Company_620,Retail,51-200,US,2024-04-01 00:00:00,team@company620619.company,2,2,True,2024-04-15
cust_976042,Company_621,Healthcare,501-1000,US,2023-08-11 00:00:00,team@company621620.corp,5,4,True,
cust_779378,Company_622,Manufacturing,11-50,US,2024-08-02 00:00:00,support@company622621.company,5,3,False,
cust_389809,Company_623,Education,1000+,US,2024-03-13 00:00:00,info@company623622.inc,6,4,False,2024-03-27
cust_448813,Company_624,Real Estate,51-200,US,2023-03-03 00:00:00,contact@company624623.io,2,4,True,
cust_213697,Company_625,Marketing,501-1000,US,2023-05-28 00:00:00,hello@company625624.tech,2,4,True,2023-06-11
cust_173832,Company_626,Energy,1000+,UK,2024-08-08 00:00:00,support@company626625.tech,4,3,True,2024-08-22
cust_509451,Company_627,Consulting,11-50,US,2023-09-30 00:00:00,support@company627626.co,7,2,True,2023-10-14
cust_863119,Company_628,Non-Profit,501-1000,AU,2023-03-13 00:00:00,hello@company628627.company,3,3,True,
cust_476353,Company_629,Marketing,1000+,US,2023-12-08 00:00:00,team@company629628.inc,1,3,True,2023-12-22
cust_903741,Company_630,Media,1000+,CA,2023-10-24 00:00:00,admin@company630629.tech,4,3,True,2023-11-07
cust_822303,Company_631,Non-Profit,201-500,US,2024-01-03 00:00:00,info@company631630.corp,5,1,True,
cust_350069,Company_632,Manufacturing,201-500,UK,2024-05-15 00:00:00,hello@company632631.company,4,1,True,2024-05-29
cust_926045,Company_633,Marketing,201-500,UK,2023-02-13 00:00:00,support@company633632.io,6,2,True,2023-02-27
cust_175532,Company_634,Real Estate,1000+,NL,2023-02-07 00:00:00,team@company634633.company,5,2,True,
cust_115063,Company_635,Government,1000+,US,2023-06-26 00:00:00,team@company635634.corp,2,1,False,2023-07-10
cust_957179,Company_636,Retail,1-10,US,2023-04-19 00:00:00,contact@company636635.co,6,2,True,
cust_873774,Company_637,Consulting,201-500,UK,2024-11-25 00:00:00,admin@company637636.corp,9,2,False,2024-12-09
cust_451801,Company_638,Finance,1-10,DE,2023-03-06 00:00:00,team@company638637.corp,6,1,True,
cust_142675,Company_639,Media,1-10,AU,2023-05-17 00:00:00,info@company639638.co,5,2,True,2023-05-31
cust_193471,Company_640,Government,501-1000,AU,2024-10-29 00:00:00,hello@company640639.tech,4,4,True,2024-11-12
cust_384111,Company_641,Consulting,201-500,DE,2024-06-19 00:00:00,team@company641640.corp,8,2,False,
cust_192296,Company_642,Retail,51-200,US,2024-10-04 00:00:00,team@company642641.company,1,2,False,
cust_665940,Company_643,Retail,11-50,US,2024-06-03 00:00:00,contact@company643642.company,5,2,False,
cust_597457,Company_644,Technology,11-50,CA,2024-05-24 00:00:00,admin@company644643.corp,8,1,True,2024-06-07
cust_944264,Company_645,Legal,1-10,US,2024-04-09 00:00:00,info@company645644.co,1,1,True,2024-04-23
cust_346729,Company_646,Non-Profit,501-1000,DE,2024-03-31 00:00:00,admin@company646645.corp,4,3,False,2024-04-14
cust_202827,Company_647,Energy,1000+,US,2023-08-31 00:00:00,hello@company647646.io,1,3,True,
cust_251981,Company_648,Finance,501-1000,UK,2023-08-10 00:00:00,contact@company648647.tech,3,3,True,2023-08-24
cust_452207,Company_649,Finance,1-10,US,2023-05-11 00:00:00,hello@company649648.co,1,2,True,
cust_330533,Company_650,Consulting,501-1000,NL,2023-10-30 00:00:00,team@company650649.io,6,2,False,2023-11-13
cust_998602,Company_651,Real Estate,201-500,FR,2024-06-18 00:00:00,admin@company651650.company,2,4,False,
cust_358635,Company_652,Energy,51-200,CA,2023-09-11 00:00:00,contact@company652651.io,2,2,False,2023-09-25
cust_146372,Company_653,Media,201-500,UK,2023-02-11 00:00:00,hello@company653652.tech,4,3,False,2023-02-25
cust_352194,Company_654,Media,501-1000,JP,2023-03-27 00:00:00,contact@company654653.inc,5,4,True,
cust_195136,Company_655,Real Estate,201-500,FR,2023-01-17 00:00:00,support@company655654.io,1,3,True,2023-01-31
cust_909327,Company_656,Education,1000+,CA,2023-05-22 00:00:00,support@company656655.tech,6,3,True,
cust_503575,Company_657,Manufacturing,501-1000,DE,2023-12-07 00:00:00,team@company657656.io,4,1,True,2023-12-21
cust_817923,Company_658,Technology,501-1000,UK,2023-03-24 00:00:00,support@company658657.inc,6,4,False,2023-04-07
cust_483349,Company_659,Marketing,501-1000,UK,2024-04-21 00:00:00,info@company659658.io,3,1,False,2024-05-05
cust_451199,Company_660,Government,501-1000,CA,2023-09-02 00:00:00,support@company660659.corp,4,2,False,
cust_436030,Company_661,Technology,51-200,US,2023-12-28 00:00:00,admin@company661660.co,4,3,True,2024-01-11
cust_228670,Company_662,Energy,1000+,US,2024-04-26 00:00:00,team@company662661.inc,6,3,False,
cust_948083,Company_663,Healthcare,11-50,US,2023-03-09 00:00:00,contact@company663662.inc,4,3,False,2023-03-23
cust_272769,Company_664,Transportation,1-10,US,2023-10-10 00:00:00,support@company664663.company,4,2,True,
cust_667735,Company_665,Marketing,201-500,US,2023-05-16 00:00:00,contact@company665664.company,4,2,True,
cust_975505,Company_666,Marketing,1000+,CA,2024-06-16 00:00:00,admin@company666665.co,4,3,True,
cust_982804,Company_667,Energy,201-500,AU,2024-07-15 00:00:00,contact@company667666.inc,4,3,True,2024-07-29
cust_402143,Company_668,Finance,11-50,CA,2023-02-18 00:00:00,contact@company668667.tech,4,2,True,2023-03-04
cust_283877,Company_669,Education,11-50,CA,2024-11-13 00:00:00,hello@company669668.inc,1,1,True,2024-11-27
cust_841484,Company_670,Education,1000+,US,2023-02-05 00:00:00,contact@company670669.io,3,3,True,
cust_524214,Company_671,Finance,11-50,US,2024-05-26 00:00:00,support@company671670.io,8,3,False,2024-06-09
cust_839719,Company_672,Government,201-500,BR,2023-10-30 00:00:00,team@company672671.tech,9,4,True,2023-11-13
cust_563581,Company_673,Technology,1000+,US,2023-12-13 00:00:00,team@company673672.company,4,2,True,2023-12-27
cust_981723,Company_674,Consulting,201-500,CA,2023-08-14 00:00:00,team@company674673.io,3,2,True,
cust_391427,Company_675,Marketing,1-10,DE,2023-07-20 00:00:00,info@company675674.io,7,1,True,2023-08-03
cust_732471,Company_676,Education,501-1000,US,2024-09-11 00:00:00,support@company676675.co,7,4,True,2024-09-25
cust_398477,Company_677,Legal,51-200,US,2023-12-20 00:00:00,support@company677676.co,4,2,False,2024-01-03
cust_563999,Company_678,Media,11-50,DE,2023-10-23 00:00:00,hello@company678677.corp,9,3,False,2023-11-06
cust_250616,Company_679,Education,51-200,US,2023-08-01 00:00:00,team@company679678.co,7,3,True,2023-08-15
cust_386606,Company_680,Government,11-50,SE,2024-02-29 00:00:00,contact@company680679.corp,5,2,False,2024-03-14
cust_614416,Company_681,Legal,51-200,DE,2023-02-13 00:00:00,contact@company681680.company,2,3,False,2023-02-27
cust_414750,Company_682,Energy,1000+,US,2024-10-17 00:00:00,contact@company682681.co,5,3,False,
cust_129824,Company_683,Consulting,51-200,DE,2023-05-03 00:00:00,team@company683682.co,9,3,True,
cust_758501,Company_684,Non-Profit,1000+,CA,2024-05-02 00:00:00,admin@company684683.corp,3,4,True,2024-05-16
cust_583439,Company_685,Media,51-200,CA,2023-05-19 00:00:00,admin@company685684.company,2,2,True,2023-06-02
cust_180558,Company_686,Healthcare,11-50,CA,2024-06-10 00:00:00,contact@company686685.io,1,2,True,2024-06-24
cust_986041,Company_687,Healthcare,51-200,UK,2023-11-05 00:00:00,admin@company687686.corp,5,3,True,2023-11-19
cust_491133,Company_688,Healthcare,201-500,US,2024-05-11 00:00:00,team@company688687.corp,8,2,False,
cust_685792,Company_689,Legal,1000+,DE,2024-09-20 00:00:00,support@company689688.company,4,4,True,
cust_222227,Company_690,Education,1-10,US,2023-05-15 00:00:00,hello@company690689.io,2,2,True,
cust_280572,Company_691,Finance,1-10,FR,2023-11-08 00:00:00,contact@company691690.tech,1,2,True,2023-11-22
cust_236543,Company_692,Healthcare,201-500,US,2023-03-22 00:00:00,hello@company692691.co,6,3,True,2023-04-05
cust_931578,Company_693,Energy,501-1000,US,2024-11-06 00:00:00,info@company693692.inc,4,3,False,
cust_920375,Company_694,Finance,501-1000,DE,2023-05-07 00:00:00,info@company694693.company,7,3,True,
cust_390849,Company_695,Government,51-200,DE,2024-08-16 00:00:00,contact@company695694.io,7,2,True,2024-08-30
cust_706217,Company_696,Manufacturing,501-1000,US,2023-01-15 00:00:00,team@company696695.company,1,3,False,2023-01-29
cust_324411,Company_697,Finance,1000+,US,2024-05-31 00:00:00,info@company697696.corp,5,3,False,
cust_544692,Company_698,Education,501-1000,US,2023-08-08 00:00:00,info@company698697.io,1,3,True,
cust_838963,Company_699,Real Estate,501-1000,US,2023-10-23 00:00:00,admin@company699698.co,1,4,False,2023-11-06
cust_981946,Company_700,Transportation,11-50,US,2024-03-30 00:00:00,info@company700699.co,2,2,False,2024-04-13
cust_113406,Company_701,Legal,201-500,CA,2024-11-21 00:00:00,info@company701700.company,3,3,True,2024-12-05
cust_719244,Company_702,Healthcare,1000+,US,2023-04-15 00:00:00,contact@company702701.inc,9,4,True,
cust_523927,Company_703,Manufacturing,11-50,AU,2023-05-06 00:00:00,team@company703702.io,5,3,True,
cust_775105,Company_704,Media,51-200,BR,2024-02-14 00:00:00,team@company704703.inc,5,3,True,2024-02-28
cust_228125,Company_705,Finance,201-500,US,2023-09-14 00:00:00,support@company705704.company,5,3,False,2023-09-28
cust_128048,Company_706,Manufacturing,201-500,CA,2023-07-03 00:00:00,info@company706705.company,3,3,False,2023-07-17
cust_616096,Company_707,Legal,11-50,US,2024-04-22 00:00:00,admin@company707706.io,4,1,True,
cust_133133,Company_708,Media,1-10,US,2024-03-16 00:00:00,info@company708707.company,2,2,True,
cust_917241,Company_709,Manufacturing,1000+,DE,2023-11-07 00:00:00,hello@company709708.company,4,2,True,2023-11-21
cust_680684,Company_710,Finance,501-1000,UK,2024-07-06 00:00:00,hello@company710709.inc,4,3,True,
cust_746908,Company_711,Technology,51-200,US,2024-11-23 00:00:00,info@company711710.corp,2,3,False,2024-12-07
cust_878103,Company_712,Media,1-10,US,2024-08-20 00:00:00,admin@company712711.inc,5,2,True,2024-09-03
cust_356092,Company_713,Energy,11-50,DE,2023-09-11 00:00:00,admin@company713712.company,5,2,True,2023-09-25
cust_441958,Company_714,Legal,201-500,NL,2023-02-08 00:00:00,admin@company714713.company,4,3,False,2023-02-22
cust_431889,Company_715,Government,501-1000,UK,2024-01-22 00:00:00,support@company715714.tech,4,3,True,2024-02-05
cust_950874,Company_716,Media,51-200,US,2024-11-14 00:00:00,support@company716715.company,2,2,False,2024-11-28
cust_401314,Company_717,Government,1-10,US,2023-09-29 00:00:00,support@company717716.company,4,1,False,2023-10-13
cust_720615,Company_718,Real Estate,51-200,US,2023-12-11 00:00:00,admin@company718717.company,6,1,False,2023-12-25
cust_943187,Company_719,Media,201-500,US,2023-11-04 00:00:00,team@company719718.io,2,3,True,
cust_289373,Company_720,Consulting,1000+,UK,2023-01-20 00:00:00,support@company720719.tech,7,4,False,2023-02-03
cust_768914,Company_721,Energy,501-1000,UK,2024-06-29 00:00:00,support@company721720.company,7,4,True,2024-07-13
cust_254920,Company_722,Transportation,11-50,US,2023-09-04 00:00:00,admin@company722721.company,6,2,False,
cust_379901,Company_723,Retail,1000+,US,2023-10-21 00:00:00,info@company723722.corp,5,2,True,2023-11-04
cust_967412,Company_724,Media,201-500,CA,2023-11-14 00:00:00,info@company724723.corp,10,3,True,2023-11-28
cust_370948,Company_725,Technology,1000+,JP,2023-10-12 00:00:00,hello@company725724.company,5,3,True,
cust_429153,Company_726,Media,51-200,NL,2024-09-08 00:00:00,support@company726725.tech,7,4,False,2024-09-22
cust_980605,Company_727,Energy,11-50,US,2023-05-24 00:00:00,support@company727726.io,6,1,False,
cust_364039,Company_728,Government,1-10,US,2024-05-23 00:00:00,team@company728727.tech,1,1,True,
cust_347399,Company_729,Manufacturing,11-50,US,2024-03-09 00:00:00,admin@company729728.io,1,1,True,2024-03-23
cust_833602,Company_730,Retail,51-200,JP,2023-04-26 00:00:00,contact@company730729.inc,4,3,True,2023-05-10
cust_423141,Company_731,Transportation,1000+,DE,2023-01-22 00:00:00,info@company731730.tech,5,4,False,
cust_365271,Company_732,Education,201-500,NL,2024-07-19 00:00:00,support@company732731.company,8,2,True,2024-08-02
cust_563892,Company_733,Energy,1-10,US,2024-02-02 00:00:00,info@company733732.corp,3,3,True,
cust_268010,Company_734,Marketing,1000+,US,2024-03-25 00:00:00,info@company734733.inc,6,3,False,
cust_615576,Company_735,Non-Profit,1000+,US,2024-04-27 00:00:00,info@company735734.corp,7,3,False,2024-05-11
cust_468948,Company_736,Education,501-1000,UK,2024-03-06 00:00:00,info@company736735.company,4,4,False,2024-03-20
cust_564943,Company_737,Manufacturing,11-50,US,2024-10-18 00:00:00,info@company737736.company,2,1,True,2024-11-01
cust_904894,Company_738,Government,11-50,SE,2024-10-26 00:00:00,hello@company738737.co,5,3,False,2024-11-09
cust_281905,Company_739,Media,51-200,US,2024-08-30 00:00:00,hello@company739738.co,1,3,False,
cust_335391,Company_740,Marketing,1-10,US,2023-01-22 00:00:00,info@company740739.co,5,3,True,
cust_276953,Company_741,Finance,201-500,US,2023-02-20 00:00:00,admin@company741740.corp,5,3,False,2023-03-06
cust_853489,Company_742,Transportation,201-500,DE,2024-06-22 00:00:00,info@company742741.corp,8,3,False,2024-07-06
cust_952924,Company_743,Media,51-200,FR,2023-09-30 00:00:00,team@company743742.corp,3,3,False,2023-10-14
cust_810083,Company_744,Technology,201-500,US,2023-07-13 00:00:00,admin@company744743.corp,6,2,False,
cust_487593,Company_745,Real Estate,1000+,US,2024-08-19 00:00:00,admin@company745744.tech,1,4,True,2024-09-02
cust_502124,Company_746,Legal,1000+,US,2024-03-09 00:00:00,admin@company746745.corp,1,3,True,2024-03-23
cust_735829,Company_747,Technology,501-1000,US,2024-11-17 00:00:00,team@company747746.co,6,4,True,2024-12-01
cust_488918,Company_748,Finance,501-1000,UK,2023-05-16 00:00:00,admin@company748747.co,1,1,True,2023-05-30
cust_656189,Company_749,Finance,11-50,UK,2024-03-19 00:00:00,admin@company749748.tech,2,1,True,2024-04-02
cust_376002,Company_750,Finance,51-200,US,2024-09-19 00:00:00,hello@company750749.corp,4,3,True,
