subscription_id,customer_id,plan_id,status,billing_cycle,mrr,start_date,end_date,created_at,updated_at
sub_767578,cust_770487,3,churned,annual,0,2023-04-25,2023-07-31,2023-04-25 00:00:00,2023-07-31 00:00:00
sub_589824,cust_542417,2,active,monthly,29,2023-02-02,,2023-02-02 00:00:00,2024-12-31 00:00:00
sub_127223,cust_331148,3,churned,monthly,0,2024-04-04,2024-09-08,2024-04-04 00:00:00,2024-09-08 00:00:00
sub_791577,cust_900581,1,churned,monthly,0,2023-12-11,2024-12-20,2023-12-11 00:00:00,2024-12-20 00:00:00
sub_908323,cust_496922,4,active,annual,199,2023-03-22,,2023-03-22 00:00:00,2024-12-31 00:00:00
sub_381521,cust_338968,3,churned,monthly,0,2023-10-24,2024-06-04,2023-10-24 00:00:00,2024-06-04 00:00:00
sub_809298,cust_802729,2,active,monthly,29,2023-10-01,,2023-10-01 00:00:00,2024-12-31 00:00:00
sub_638354,cust_383060,3,active,monthly,79,2024-10-17,,2024-10-17 00:00:00,2024-12-31 00:00:00
sub_199074,cust_520651,2,churned,monthly,0,2023-10-02,2024-06-12,2023-10-02 00:00:00,2024-06-12 00:00:00
sub_412106,cust_774079,1,active,monthly,0,2024-04-14,,2024-04-14 00:00:00,2024-12-31 00:00:00
sub_582515,cust_479580,3,active,monthly,79,2023-08-13,,2023-08-13 00:00:00,2024-12-31 00:00:00
sub_128117,cust_725380,4,churned,monthly,0,2023-03-07,2024-02-10,2023-03-07 00:00:00,2024-02-10 00:00:00
sub_311118,cust_663054,3,churned,monthly,0,2023-10-01,2024-07-26,2023-10-01 00:00:00,2024-07-26 00:00:00
sub_719749,cust_287330,3,active,annual,79,2024-06-03,,2024-06-03 00:00:00,2024-12-31 00:00:00
sub_596330,cust_916449,1,active,monthly,0,2024-06-27,,2024-06-27 00:00:00,2024-12-31 00:00:00
sub_460550,cust_182582,4,active,monthly,199,2023-03-29,,2023-03-29 00:00:00,2024-12-31 00:00:00
sub_418402,cust_273148,4,churned,monthly,0,2023-09-29,2024-05-05,2023-09-29 00:00:00,2024-05-05 00:00:00
sub_219505,cust_804314,2,active,monthly,29,2024-10-27,,2024-10-27 00:00:00,2024-12-31 00:00:00
sub_923012,cust_717024,1,active,monthly,0,2023-08-14,,2023-08-14 00:00:00,2024-12-31 00:00:00
sub_863729,cust_801474,3,active,monthly,79,2024-05-12,,2024-05-12 00:00:00,2024-12-31 00:00:00
sub_989816,cust_299659,1,active,monthly,0,2023-04-07,,2023-04-07 00:00:00,2024-12-31 00:00:00
sub_993796,cust_203198,4,active,monthly,199,2023-03-04,,2023-03-04 00:00:00,2024-12-31 00:00:00
sub_775156,cust_392075,4,active,monthly,199,2024-04-18,,2024-04-18 00:00:00,2024-12-31 00:00:00
sub_860321,cust_976638,3,churned,annual,0,2023-01-16,2023-10-07,2023-01-16 00:00:00,2023-10-07 00:00:00
sub_911763,cust_272634,3,active,monthly,79,2024-01-24,,2024-01-24 00:00:00,2024-12-31 00:00:00
sub_575159,cust_921414,4,active,monthly,199,2024-07-23,,2024-07-23 00:00:00,2024-12-31 00:00:00
sub_210338,cust_428838,3,active,monthly,79,2023-02-28,,2023-02-28 00:00:00,2024-12-31 00:00:00
sub_822487,cust_723939,4,active,annual,199,2023-03-11,,2023-03-11 00:00:00,2024-12-31 00:00:00
sub_215695,cust_789305,3,active,monthly,79,2024-08-20,,2024-08-20 00:00:00,2024-12-31 00:00:00
sub_417991,cust_776856,3,active,monthly,79,2023-11-04,,2023-11-04 00:00:00,2024-12-31 00:00:00
sub_919304,cust_323508,3,active,monthly,79,2024-06-02,,2024-06-02 00:00:00,2024-12-31 00:00:00
sub_938663,cust_837715,4,active,monthly,199,2023-11-06,,2023-11-06 00:00:00,2024-12-31 00:00:00
sub_775192,cust_240814,4,active,monthly,199,2023-09-28,,2023-09-28 00:00:00,2024-12-31 00:00:00
sub_521315,cust_765046,4,churned,monthly,0,2023-09-28,2024-11-01,2023-09-28 00:00:00,2024-11-01 00:00:00
sub_203540,cust_449759,4,active,monthly,199,2023-05-14,,2023-05-14 00:00:00,2024-12-31 00:00:00
sub_419409,cust_824586,1,churned,monthly,0,2023-06-02,2024-06-10,2023-06-02 00:00:00,2024-06-10 00:00:00
sub_750882,cust_934794,2,churned,monthly,0,2023-02-10,2023-03-07,2023-02-10 00:00:00,2023-03-07 00:00:00
sub_363076,cust_348237,3,active,annual,79,2023-06-16,,2023-06-16 00:00:00,2024-12-31 00:00:00
sub_815234,cust_379766,2,churned,annual,0,2023-06-13,2024-04-06,2023-06-13 00:00:00,2024-04-06 00:00:00
sub_102146,cust_338651,2,active,monthly,29,2023-08-17,,2023-08-17 00:00:00,2024-12-31 00:00:00
sub_505537,cust_984642,4,active,monthly,199,2024-07-03,,2024-07-03 00:00:00,2024-12-31 00:00:00
sub_696746,cust_863934,3,active,annual,79,2023-11-18,,2023-11-18 00:00:00,2024-12-31 00:00:00
sub_278758,cust_645175,3,active,monthly,79,2024-07-05,,2024-07-05 00:00:00,2024-12-31 00:00:00
sub_813745,cust_753425,3,active,monthly,79,2023-11-18,,2023-11-18 00:00:00,2024-12-31 00:00:00
sub_947311,cust_681343,2,active,monthly,29,2023-05-11,,2023-05-11 00:00:00,2024-12-31 00:00:00
sub_686424,cust_974224,2,active,monthly,29,2023-01-01,,2023-01-01 00:00:00,2024-12-31 00:00:00
sub_933790,cust_636004,3,active,monthly,79,2024-04-29,,2024-04-29 00:00:00,2024-12-31 00:00:00
sub_701056,cust_346277,2,active,monthly,29,2024-11-19,,2024-11-19 00:00:00,2024-12-31 00:00:00
sub_472654,cust_534572,2,churned,monthly,0,2024-10-06,2024-12-23,2024-10-06 00:00:00,2024-12-23 00:00:00
sub_638051,cust_907451,3,churned,annual,0,2023-04-20,2023-12-20,2023-04-20 00:00:00,2023-12-20 00:00:00
sub_686625,cust_578634,3,active,annual,79,2023-05-17,,2023-05-17 00:00:00,2024-12-31 00:00:00
sub_444582,cust_547470,4,active,monthly,199,2024-07-15,,2024-07-15 00:00:00,2024-12-31 00:00:00
sub_946485,cust_608136,1,active,annual,0,2024-10-03,,2024-10-03 00:00:00,2024-12-31 00:00:00
sub_480441,cust_258157,3,churned,monthly,0,2023-08-25,2024-03-03,2023-08-25 00:00:00,2024-03-03 00:00:00
sub_397901,cust_973349,4,active,monthly,199,2024-03-06,,2024-03-06 00:00:00,2024-12-31 00:00:00
sub_419891,cust_413118,4,active,monthly,199,2024-02-04,,2024-02-04 00:00:00,2024-12-31 00:00:00
sub_728672,cust_130434,3,active,monthly,79,2024-02-03,,2024-02-03 00:00:00,2024-12-31 00:00:00
sub_712454,cust_513160,4,active,annual,199,2024-08-29,,2024-08-29 00:00:00,2024-12-31 00:00:00
sub_887803,cust_321941,1,active,annual,0,2024-04-10,,2024-04-10 00:00:00,2024-12-31 00:00:00
sub_596771,cust_885408,4,active,monthly,199,2024-07-06,,2024-07-06 00:00:00,2024-12-31 00:00:00
sub_545668,cust_309044,2,active,annual,29,2023-01-21,,2023-01-21 00:00:00,2024-12-31 00:00:00
sub_186422,cust_275939,4,active,monthly,199,2024-09-12,,2024-09-12 00:00:00,2024-12-31 00:00:00
sub_924047,cust_703766,2,active,monthly,29,2024-11-24,,2024-11-24 00:00:00,2024-12-31 00:00:00
sub_224348,cust_991597,4,active,monthly,199,2024-12-01,,2024-12-01 00:00:00,2024-12-31 00:00:00
sub_449970,cust_630538,1,active,monthly,0,2024-10-25,,2024-10-25 00:00:00,2024-12-31 00:00:00
sub_299903,cust_260422,2,churned,annual,0,2024-03-21,2024-05-18,2024-03-21 00:00:00,2024-05-18 00:00:00
sub_463470,cust_721254,4,active,annual,199,2023-10-02,,2023-10-02 00:00:00,2024-12-31 00:00:00
sub_457207,cust_800646,1,active,annual,0,2024-01-24,,2024-01-24 00:00:00,2024-12-31 00:00:00
sub_456329,cust_835244,1,active,monthly,0,2023-10-10,,2023-10-10 00:00:00,2024-12-31 00:00:00
sub_660453,cust_599219,3,active,monthly,79,2024-10-23,,2024-10-23 00:00:00,2024-12-31 00:00:00
sub_770043,cust_486945,4,churned,annual,0,2024-04-29,2024-10-08,2024-04-29 00:00:00,2024-10-08 00:00:00
sub_397604,cust_341736,4,active,monthly,199,2023-05-04,,2023-05-04 00:00:00,2024-12-31 00:00:00
sub_266494,cust_389930,3,active,monthly,79,2024-08-26,,2024-08-26 00:00:00,2024-12-31 00:00:00
sub_388820,cust_660081,1,churned,monthly,0,2023-05-10,2023-07-31,2023-05-10 00:00:00,2023-07-31 00:00:00
sub_358830,cust_112861,3,active,monthly,79,2024-08-10,,2024-08-10 00:00:00,2024-12-31 00:00:00
sub_777693,cust_615633,4,active,annual,199,2023-03-17,,2023-03-17 00:00:00,2024-12-31 00:00:00
sub_898868,cust_901577,3,active,monthly,79,2024-03-02,,2024-03-02 00:00:00,2024-12-31 00:00:00
sub_146803,cust_549660,3,active,monthly,79,2023-11-09,,2023-11-09 00:00:00,2024-12-31 00:00:00
sub_186558,cust_264686,1,active,monthly,0,2023-09-03,,2023-09-03 00:00:00,2024-12-31 00:00:00
sub_509593,cust_841296,3,active,monthly,79,2023-10-17,,2023-10-17 00:00:00,2024-12-31 00:00:00
sub_581061,cust_545790,3,active,monthly,79,2023-04-28,,2023-04-28 00:00:00,2024-12-31 00:00:00
sub_146073,cust_885339,2,active,monthly,29,2024-08-05,,2024-08-05 00:00:00,2024-12-31 00:00:00
sub_206759,cust_727086,4,active,annual,199,2023-02-10,,2023-02-10 00:00:00,2024-12-31 00:00:00
sub_162833,cust_901909,3,active,monthly,79,2024-11-19,,2024-11-19 00:00:00,2024-12-31 00:00:00
sub_311824,cust_713762,3,active,monthly,79,2024-03-22,,2024-03-22 00:00:00,2024-12-31 00:00:00
sub_779525,cust_445824,3,active,annual,79,2024-02-26,,2024-02-26 00:00:00,2024-12-31 00:00:00
sub_646802,cust_438977,4,active,monthly,199,2023-04-29,,2023-04-29 00:00:00,2024-12-31 00:00:00
sub_766478,cust_479353,3,active,monthly,79,2024-09-29,,2024-09-29 00:00:00,2024-12-31 00:00:00
sub_517589,cust_227324,4,churned,monthly,0,2023-01-30,2023-10-04,2023-01-30 00:00:00,2023-10-04 00:00:00
sub_187275,cust_982277,3,churned,annual,0,2023-04-27,2024-07-26,2023-04-27 00:00:00,2024-07-26 00:00:00
sub_492437,cust_975271,2,active,monthly,29,2024-05-09,,2024-05-09 00:00:00,2024-12-31 00:00:00
sub_528644,cust_173201,2,active,annual,29,2023-10-10,,2023-10-10 00:00:00,2024-12-31 00:00:00
sub_544638,cust_791998,2,churned,annual,0,2024-05-16,2024-08-10,2024-05-16 00:00:00,2024-08-10 00:00:00
sub_809283,cust_297816,3,churned,monthly,0,2023-09-02,2024-01-26,2023-09-02 00:00:00,2024-01-26 00:00:00
sub_503017,cust_504832,4,active,monthly,199,2024-11-10,,2024-11-10 00:00:00,2024-12-31 00:00:00
sub_970055,cust_561694,3,churned,monthly,0,2023-04-13,2024-10-20,2023-04-13 00:00:00,2024-10-20 00:00:00
sub_538136,cust_377896,4,active,monthly,199,2023-12-13,,2023-12-13 00:00:00,2024-12-31 00:00:00
sub_371950,cust_853629,1,churned,annual,0,2024-05-14,2024-10-26,2024-05-14 00:00:00,2024-10-26 00:00:00
sub_390206,cust_203225,4,active,monthly,199,2024-10-10,,2024-10-10 00:00:00,2024-12-31 00:00:00
sub_109968,cust_475876,3,active,monthly,79,2024-01-19,,2024-01-19 00:00:00,2024-12-31 00:00:00
sub_478756,cust_501126,3,active,monthly,79,2024-09-26,,2024-09-26 00:00:00,2024-12-31 00:00:00
sub_945435,cust_943718,3,churned,monthly,0,2024-04-21,2024-08-17,2024-04-21 00:00:00,2024-08-17 00:00:00
sub_393042,cust_362246,2,churned,annual,0,2024-04-12,2024-11-04,2024-04-12 00:00:00,2024-11-04 00:00:00
sub_147976,cust_833247,4,active,annual,199,2023-10-30,,2023-10-30 00:00:00,2024-12-31 00:00:00
sub_645316,cust_881369,3,active,annual,79,2024-05-23,,2024-05-23 00:00:00,2024-12-31 00:00:00
sub_355177,cust_855948,4,active,monthly,199,2024-11-06,,2024-11-06 00:00:00,2024-12-31 00:00:00
sub_268018,cust_482584,4,active,annual,199,2023-05-15,,2023-05-15 00:00:00,2024-12-31 00:00:00
sub_947718,cust_626169,2,active,monthly,29,2023-10-07,,2023-10-07 00:00:00,2024-12-31 00:00:00
sub_936258,cust_591081,3,active,monthly,79,2023-03-19,,2023-03-19 00:00:00,2024-12-31 00:00:00
sub_161669,cust_114594,2,active,annual,29,2023-09-28,,2023-09-28 00:00:00,2024-12-31 00:00:00
sub_465226,cust_213609,2,active,annual,29,2024-11-22,,2024-11-22 00:00:00,2024-12-31 00:00:00
sub_396080,cust_586819,4,active,monthly,199,2023-11-06,,2023-11-06 00:00:00,2024-12-31 00:00:00
sub_871037,cust_242254,1,active,monthly,0,2024-02-02,,2024-02-02 00:00:00,2024-12-31 00:00:00
sub_640472,cust_535037,3,active,monthly,79,2024-11-01,,2024-11-01 00:00:00,2024-12-31 00:00:00
sub_356902,cust_997004,4,active,monthly,199,2024-01-07,,2024-01-07 00:00:00,2024-12-31 00:00:00
sub_485166,cust_228093,3,churned,monthly,0,2024-04-10,2024-07-07,2024-04-10 00:00:00,2024-07-07 00:00:00
sub_881565,cust_692002,3,churned,monthly,0,2023-07-30,2024-12-07,2023-07-30 00:00:00,2024-12-07 00:00:00
sub_229022,cust_724932,3,active,monthly,79,2023-01-03,,2023-01-03 00:00:00,2024-12-31 00:00:00
sub_248548,cust_115582,3,active,monthly,79,2024-01-02,,2024-01-02 00:00:00,2024-12-31 00:00:00
sub_828252,cust_599380,3,active,monthly,79,2024-04-04,,2024-04-04 00:00:00,2024-12-31 00:00:00
sub_657286,cust_790909,2,active,monthly,29,2024-06-17,,2024-06-17 00:00:00,2024-12-31 00:00:00
sub_169163,cust_565108,2,churned,monthly,0,2023-03-17,2023-09-23,2023-03-17 00:00:00,2023-09-23 00:00:00
sub_333020,cust_726410,3,active,monthly,79,2024-06-27,,2024-06-27 00:00:00,2024-12-31 00:00:00
sub_678333,cust_855855,3,active,monthly,79,2023-08-09,,2023-08-09 00:00:00,2024-12-31 00:00:00
sub_841119,cust_427704,2,active,monthly,29,2024-11-12,,2024-11-12 00:00:00,2024-12-31 00:00:00
sub_937255,cust_874683,1,active,monthly,0,2024-01-17,,2024-01-17 00:00:00,2024-12-31 00:00:00
sub_879521,cust_886730,2,active,monthly,29,2024-03-09,,2024-03-09 00:00:00,2024-12-31 00:00:00
sub_971783,cust_335137,3,active,annual,79,2023-04-21,,2023-04-21 00:00:00,2024-12-31 00:00:00
sub_407804,cust_958182,4,active,monthly,199,2024-09-28,,2024-09-28 00:00:00,2024-12-31 00:00:00
sub_774206,cust_899444,2,churned,monthly,0,2023-11-13,2024-05-02,2023-11-13 00:00:00,2024-05-02 00:00:00
sub_444511,cust_132146,3,churned,monthly,0,2023-04-04,2024-01-09,2023-04-04 00:00:00,2024-01-09 00:00:00
sub_514563,cust_695164,3,active,monthly,79,2024-09-02,,2024-09-02 00:00:00,2024-12-31 00:00:00
sub_213974,cust_609253,3,active,annual,79,2024-09-13,,2024-09-13 00:00:00,2024-12-31 00:00:00
sub_216041,cust_610271,3,active,monthly,79,2024-06-23,,2024-06-23 00:00:00,2024-12-31 00:00:00
sub_797557,cust_901280,4,active,annual,199,2023-09-19,,2023-09-19 00:00:00,2024-12-31 00:00:00
sub_114311,cust_685864,1,active,annual,0,2024-11-15,,2024-11-15 00:00:00,2024-12-31 00:00:00
sub_550536,cust_701253,4,active,annual,199,2024-02-19,,2024-02-19 00:00:00,2024-12-31 00:00:00
sub_376331,cust_972442,2,active,annual,29,2024-01-06,,2024-01-06 00:00:00,2024-12-31 00:00:00
sub_301512,cust_456005,3,active,annual,79,2023-08-15,,2023-08-15 00:00:00,2024-12-31 00:00:00
sub_481237,cust_862712,1,active,monthly,0,2024-10-22,,2024-10-22 00:00:00,2024-12-31 00:00:00
sub_358965,cust_758452,3,churned,monthly,0,2024-05-20,2024-07-07,2024-05-20 00:00:00,2024-07-07 00:00:00
sub_437263,cust_757685,3,active,monthly,79,2023-11-20,,2023-11-20 00:00:00,2024-12-31 00:00:00
sub_143032,cust_425486,1,churned,monthly,0,2024-04-17,2024-11-23,2024-04-17 00:00:00,2024-11-23 00:00:00
sub_597233,cust_708519,3,active,annual,79,2024-07-21,,2024-07-21 00:00:00,2024-12-31 00:00:00
sub_896241,cust_164879,3,active,annual,79,2024-04-06,,2024-04-06 00:00:00,2024-12-31 00:00:00
sub_728258,cust_560767,3,active,monthly,79,2024-06-20,,2024-06-20 00:00:00,2024-12-31 00:00:00
sub_178628,cust_761532,1,active,monthly,0,2024-10-24,,2024-10-24 00:00:00,2024-12-31 00:00:00
sub_689822,cust_731977,2,active,annual,29,2023-06-03,,2023-06-03 00:00:00,2024-12-31 00:00:00
sub_929026,cust_843266,2,active,monthly,29,2023-03-28,,2023-03-28 00:00:00,2024-12-31 00:00:00
sub_756649,cust_818709,2,active,monthly,29,2024-06-23,,2024-06-23 00:00:00,2024-12-31 00:00:00
sub_263201,cust_903373,1,active,monthly,0,2024-05-12,,2024-05-12 00:00:00,2024-12-31 00:00:00
sub_697329,cust_652108,3,churned,monthly,0,2023-02-08,2023-04-10,2023-02-08 00:00:00,2023-04-10 00:00:00
sub_957210,cust_755087,3,active,monthly,79,2023-06-19,,2023-06-19 00:00:00,2024-12-31 00:00:00
sub_207548,cust_570735,2,active,annual,29,2023-08-28,,2023-08-28 00:00:00,2024-12-31 00:00:00
sub_248724,cust_561999,2,active,monthly,29,2024-04-17,,2024-04-17 00:00:00,2024-12-31 00:00:00
sub_615711,cust_772324,3,active,monthly,79,2024-05-07,,2024-05-07 00:00:00,2024-12-31 00:00:00
sub_286717,cust_571145,3,active,monthly,79,2024-06-09,,2024-06-09 00:00:00,2024-12-31 00:00:00
sub_465308,cust_515712,2,active,annual,29,2024-05-29,,2024-05-29 00:00:00,2024-12-31 00:00:00
sub_915565,cust_929822,2,active,monthly,29,2023-05-30,,2023-05-30 00:00:00,2024-12-31 00:00:00
sub_538996,cust_183074,2,churned,monthly,0,2023-01-20,2024-07-03,2023-01-20 00:00:00,2024-07-03 00:00:00
sub_180808,cust_227767,1,active,annual,0,2023-02-18,,2023-02-18 00:00:00,2024-12-31 00:00:00
sub_884447,cust_702980,2,churned,monthly,0,2023-09-05,2024-04-15,2023-09-05 00:00:00,2024-04-15 00:00:00
sub_282012,cust_648913,4,active,monthly,199,2024-01-05,,2024-01-05 00:00:00,2024-12-31 00:00:00
sub_385031,cust_766549,2,active,annual,29,2024-02-01,,2024-02-01 00:00:00,2024-12-31 00:00:00
sub_270666,cust_710169,1,active,monthly,0,2023-12-07,,2023-12-07 00:00:00,2024-12-31 00:00:00
sub_108890,cust_291132,1,active,monthly,0,2023-05-19,,2023-05-19 00:00:00,2024-12-31 00:00:00
sub_205909,cust_425138,4,active,monthly,199,2024-06-11,,2024-06-11 00:00:00,2024-12-31 00:00:00
sub_756359,cust_150126,2,active,monthly,29,2024-11-02,,2024-11-02 00:00:00,2024-12-31 00:00:00
sub_906172,cust_295892,3,active,annual,79,2024-05-23,,2024-05-23 00:00:00,2024-12-31 00:00:00
sub_141956,cust_962287,3,active,annual,79,2023-07-04,,2023-07-04 00:00:00,2024-12-31 00:00:00
sub_287890,cust_823270,2,active,annual,29,2024-03-30,,2024-03-30 00:00:00,2024-12-31 00:00:00
sub_141515,cust_160144,4,active,monthly,199,2023-03-18,,2023-03-18 00:00:00,2024-12-31 00:00:00
sub_333886,cust_919264,2,active,monthly,29,2024-03-24,,2024-03-24 00:00:00,2024-12-31 00:00:00
sub_905533,cust_571778,2,churned,monthly,0,2024-01-15,2024-03-22,2024-01-15 00:00:00,2024-03-22 00:00:00
sub_609917,cust_218959,3,churned,monthly,0,2023-01-27,2023-11-14,2023-01-27 00:00:00,2023-11-14 00:00:00
sub_596405,cust_741599,3,active,monthly,79,2023-10-20,,2023-10-20 00:00:00,2024-12-31 00:00:00
sub_293020,cust_192055,3,active,annual,79,2024-11-29,,2024-11-29 00:00:00,2024-12-31 00:00:00
sub_458633,cust_768676,4,churned,annual,0,2023-06-28,2024-11-13,2023-06-28 00:00:00,2024-11-13 00:00:00
sub_623706,cust_486831,2,churned,annual,0,2024-04-23,2024-10-20,2024-04-23 00:00:00,2024-10-20 00:00:00
sub_672612,cust_529322,1,active,annual,0,2024-08-11,,2024-08-11 00:00:00,2024-12-31 00:00:00
sub_116977,cust_918164,3,active,monthly,79,2024-07-18,,2024-07-18 00:00:00,2024-12-31 00:00:00
sub_534166,cust_269834,4,active,monthly,199,2023-11-27,,2023-11-27 00:00:00,2024-12-31 00:00:00
sub_764909,cust_387782,3,active,monthly,79,2023-05-09,,2023-05-09 00:00:00,2024-12-31 00:00:00
sub_932308,cust_855638,3,churned,annual,0,2024-09-11,2024-11-25,2024-09-11 00:00:00,2024-11-25 00:00:00
sub_632216,cust_377511,2,active,monthly,29,2024-10-28,,2024-10-28 00:00:00,2024-12-31 00:00:00
sub_260825,cust_606404,3,active,annual,79,2023-09-08,,2023-09-08 00:00:00,2024-12-31 00:00:00
sub_522700,cust_736129,3,churned,annual,0,2023-05-28,2024-08-02,2023-05-28 00:00:00,2024-08-02 00:00:00
sub_182598,cust_211341,1,active,monthly,0,2023-11-23,,2023-11-23 00:00:00,2024-12-31 00:00:00
sub_216320,cust_538446,4,active,monthly,199,2023-09-12,,2023-09-12 00:00:00,2024-12-31 00:00:00
sub_428817,cust_423528,3,active,monthly,79,2024-05-24,,2024-05-24 00:00:00,2024-12-31 00:00:00
sub_302212,cust_618934,4,active,monthly,199,2024-09-03,,2024-09-03 00:00:00,2024-12-31 00:00:00
sub_220364,cust_900961,1,active,annual,0,2024-02-17,,2024-02-17 00:00:00,2024-12-31 00:00:00
sub_589730,cust_901535,3,active,annual,79,2024-07-17,,2024-07-17 00:00:00,2024-12-31 00:00:00
sub_281361,cust_684929,2,active,monthly,29,2024-01-10,,2024-01-10 00:00:00,2024-12-31 00:00:00
sub_736795,cust_644559,2,active,monthly,29,2024-04-12,,2024-04-12 00:00:00,2024-12-31 00:00:00
sub_517654,cust_983532,4,active,monthly,199,2023-11-03,,2023-11-03 00:00:00,2024-12-31 00:00:00
sub_343949,cust_447329,4,active,monthly,199,2024-11-20,,2024-11-20 00:00:00,2024-12-31 00:00:00
sub_731035,cust_787436,3,active,monthly,79,2024-08-15,,2024-08-15 00:00:00,2024-12-31 00:00:00
sub_815267,cust_254954,1,active,annual,0,2024-11-28,,2024-11-28 00:00:00,2024-12-31 00:00:00
sub_307775,cust_313795,4,active,monthly,199,2024-02-25,,2024-02-25 00:00:00,2024-12-31 00:00:00
sub_398882,cust_688132,3,churned,monthly,0,2023-11-29,2024-05-07,2023-11-29 00:00:00,2024-05-07 00:00:00
sub_141020,cust_855944,4,active,monthly,199,2024-11-28,,2024-11-28 00:00:00,2024-12-31 00:00:00
sub_592718,cust_412071,3,churned,monthly,0,2023-10-23,2024-11-15,2023-10-23 00:00:00,2024-11-15 00:00:00
sub_245473,cust_809489,4,active,monthly,199,2024-07-10,,2024-07-10 00:00:00,2024-12-31 00:00:00
sub_955792,cust_182868,3,active,annual,79,2023-12-21,,2023-12-21 00:00:00,2024-12-31 00:00:00
sub_767841,cust_243941,4,active,monthly,199,2023-04-22,,2023-04-22 00:00:00,2024-12-31 00:00:00
sub_297045,cust_533377,3,active,monthly,79,2023-12-05,,2023-12-05 00:00:00,2024-12-31 00:00:00
sub_574409,cust_598807,2,churned,annual,0,2024-05-03,2024-08-10,2024-05-03 00:00:00,2024-08-10 00:00:00
sub_422066,cust_874568,2,churned,annual,0,2023-02-08,2023-06-24,2023-02-08 00:00:00,2023-06-24 00:00:00
sub_129974,cust_403528,3,active,monthly,79,2023-02-08,,2023-02-08 00:00:00,2024-12-31 00:00:00
sub_216478,cust_617904,4,active,monthly,199,2023-05-18,,2023-05-18 00:00:00,2024-12-31 00:00:00
sub_874992,cust_114768,1,active,monthly,0,2023-12-12,,2023-12-12 00:00:00,2024-12-31 00:00:00
sub_722859,cust_190951,2,active,monthly,29,2024-02-15,,2024-02-15 00:00:00,2024-12-31 00:00:00
sub_614496,cust_890371,2,churned,annual,0,2023-10-01,2024-03-19,2023-10-01 00:00:00,2024-03-19 00:00:00
sub_449950,cust_588002,3,active,annual,79,2023-11-11,,2023-11-11 00:00:00,2024-12-31 00:00:00
sub_757343,cust_409369,3,active,monthly,79,2024-01-12,,2024-01-12 00:00:00,2024-12-31 00:00:00
sub_554515,cust_593699,3,active,annual,79,2024-07-04,,2024-07-04 00:00:00,2024-12-31 00:00:00
sub_588969,cust_181896,1,active,monthly,0,2024-07-31,,2024-07-31 00:00:00,2024-12-31 00:00:00
sub_167755,cust_563303,3,churned,annual,0,2023-04-30,2023-07-22,2023-04-30 00:00:00,2023-07-22 00:00:00
sub_229431,cust_578987,2,churned,monthly,0,2024-07-31,2024-09-19,2024-07-31 00:00:00,2024-09-19 00:00:00
sub_397025,cust_706403,3,active,annual,79,2023-03-16,,2023-03-16 00:00:00,2024-12-31 00:00:00
sub_362165,cust_906325,3,active,monthly,79,2023-05-19,,2023-05-19 00:00:00,2024-12-31 00:00:00
sub_591130,cust_493892,4,churned,monthly,0,2023-03-24,2023-09-02,2023-03-24 00:00:00,2023-09-02 00:00:00
sub_541365,cust_654531,4,active,monthly,199,2023-05-11,,2023-05-11 00:00:00,2024-12-31 00:00:00
sub_876442,cust_657772,3,active,monthly,79,2024-01-24,,2024-01-24 00:00:00,2024-12-31 00:00:00
sub_733120,cust_744793,2,active,annual,29,2023-01-17,,2023-01-17 00:00:00,2024-12-31 00:00:00
sub_799961,cust_146385,3,active,monthly,79,2024-02-16,,2024-02-16 00:00:00,2024-12-31 00:00:00
sub_225961,cust_867051,3,churned,monthly,0,2024-08-12,2024-10-14,2024-08-12 00:00:00,2024-10-14 00:00:00
sub_246070,cust_533649,1,churned,monthly,0,2023-11-04,2024-01-03,2023-11-04 00:00:00,2024-01-03 00:00:00
sub_997412,cust_149161,4,active,annual,199,2023-12-19,,2023-12-19 00:00:00,2024-12-31 00:00:00
sub_513064,cust_664058,3,active,monthly,79,2024-04-29,,2024-04-29 00:00:00,2024-12-31 00:00:00
sub_235708,cust_684357,2,churned,monthly,0,2024-06-26,2024-09-10,2024-06-26 00:00:00,2024-09-10 00:00:00
sub_266911,cust_299734,3,churned,monthly,0,2023-02-22,2024-07-11,2023-02-22 00:00:00,2024-07-11 00:00:00
sub_492505,cust_602681,3,active,monthly,79,2023-08-02,,2023-08-02 00:00:00,2024-12-31 00:00:00
sub_912002,cust_354377,3,active,monthly,79,2024-09-10,,2024-09-10 00:00:00,2024-12-31 00:00:00
sub_299372,cust_423404,3,churned,annual,0,2023-09-25,2024-12-05,2023-09-25 00:00:00,2024-12-05 00:00:00
sub_968376,cust_312994,2,active,monthly,29,2024-01-15,,2024-01-15 00:00:00,2024-12-31 00:00:00
sub_784963,cust_854987,3,active,monthly,79,2024-03-03,,2024-03-03 00:00:00,2024-12-31 00:00:00
sub_536459,cust_453961,4,churned,monthly,0,2023-09-21,2024-03-22,2023-09-21 00:00:00,2024-03-22 00:00:00
sub_660134,cust_612036,4,active,monthly,199,2023-07-08,,2023-07-08 00:00:00,2024-12-31 00:00:00
sub_349739,cust_244170,1,active,monthly,0,2024-10-07,,2024-10-07 00:00:00,2024-12-31 00:00:00
sub_854793,cust_746467,4,active,monthly,199,2024-05-09,,2024-05-09 00:00:00,2024-12-31 00:00:00
sub_735566,cust_400614,4,active,monthly,199,2023-01-18,,2023-01-18 00:00:00,2024-12-31 00:00:00
sub_393374,cust_352674,3,active,monthly,79,2023-07-16,,2023-07-16 00:00:00,2024-12-31 00:00:00
sub_119764,cust_355021,3,churned,annual,0,2023-08-20,2023-11-09,2023-08-20 00:00:00,2023-11-09 00:00:00
sub_791982,cust_679549,2,churned,monthly,0,2024-05-02,2024-07-05,2024-05-02 00:00:00,2024-07-05 00:00:00
sub_738309,cust_999636,3,active,annual,79,2023-04-08,,2023-04-08 00:00:00,2024-12-31 00:00:00
sub_881853,cust_817675,4,churned,annual,0,2023-10-15,2024-08-08,2023-10-15 00:00:00,2024-08-08 00:00:00
sub_791252,cust_847332,1,churned,monthly,0,2024-02-12,2024-11-02,2024-02-12 00:00:00,2024-11-02 00:00:00
sub_985339,cust_892313,3,active,monthly,79,2023-05-24,,2023-05-24 00:00:00,2024-12-31 00:00:00
sub_143993,cust_906360,3,active,monthly,79,2024-09-20,,2024-09-20 00:00:00,2024-12-31 00:00:00
sub_811341,cust_493663,4,active,annual,199,2024-03-18,,2024-03-18 00:00:00,2024-12-31 00:00:00
sub_969414,cust_261712,3,active,annual,79,2024-01-25,,2024-01-25 00:00:00,2024-12-31 00:00:00
sub_752126,cust_477400,2,active,monthly,29,2023-10-04,,2023-10-04 00:00:00,2024-12-31 00:00:00
sub_499601,cust_681141,3,active,annual,79,2023-04-06,,2023-04-06 00:00:00,2024-12-31 00:00:00
sub_826739,cust_686716,4,active,monthly,199,2023-09-06,,2023-09-06 00:00:00,2024-12-31 00:00:00
sub_806850,cust_555791,2,active,monthly,29,2023-10-10,,2023-10-10 00:00:00,2024-12-31 00:00:00
sub_116265,cust_305047,1,active,monthly,0,2024-04-13,,2024-04-13 00:00:00,2024-12-31 00:00:00
sub_125093,cust_450996,2,active,monthly,29,2024-03-16,,2024-03-16 00:00:00,2024-12-31 00:00:00
sub_177335,cust_517584,3,active,annual,79,2023-11-23,,2023-11-23 00:00:00,2024-12-31 00:00:00
sub_187859,cust_482746,1,active,monthly,0,2023-04-27,,2023-04-27 00:00:00,2024-12-31 00:00:00
sub_250152,cust_842776,2,active,monthly,29,2023-08-03,,2023-08-03 00:00:00,2024-12-31 00:00:00
sub_891533,cust_353777,2,churned,monthly,0,2023-09-16,2023-11-04,2023-09-16 00:00:00,2023-11-04 00:00:00
sub_395528,cust_825309,1,active,annual,0,2024-03-04,,2024-03-04 00:00:00,2024-12-31 00:00:00
sub_617215,cust_906306,4,active,monthly,199,2023-09-12,,2023-09-12 00:00:00,2024-12-31 00:00:00
sub_140220,cust_447704,1,active,monthly,0,2024-03-16,,2024-03-16 00:00:00,2024-12-31 00:00:00
sub_592951,cust_492292,3,churned,monthly,0,2024-02-05,2024-09-18,2024-02-05 00:00:00,2024-09-18 00:00:00
sub_740907,cust_190025,2,active,monthly,29,2023-04-29,,2023-04-29 00:00:00,2024-12-31 00:00:00
sub_217825,cust_857065,2,active,annual,29,2024-04-08,,2024-04-08 00:00:00,2024-12-31 00:00:00
sub_792702,cust_876459,2,churned,monthly,0,2023-09-07,2024-06-02,2023-09-07 00:00:00,2024-06-02 00:00:00
sub_992325,cust_295440,3,active,annual,79,2024-10-17,,2024-10-17 00:00:00,2024-12-31 00:00:00
sub_531204,cust_325230,2,active,monthly,29,2023-07-30,,2023-07-30 00:00:00,2024-12-31 00:00:00
sub_469833,cust_219490,4,active,annual,199,2023-09-26,,2023-09-26 00:00:00,2024-12-31 00:00:00
sub_986552,cust_469082,2,churned,monthly,0,2024-04-13,2024-08-16,2024-04-13 00:00:00,2024-08-16 00:00:00
sub_931122,cust_223586,2,active,monthly,29,2023-09-02,,2023-09-02 00:00:00,2024-12-31 00:00:00
sub_971861,cust_294776,3,active,monthly,79,2024-05-13,,2024-05-13 00:00:00,2024-12-31 00:00:00
sub_787919,cust_429861,2,active,monthly,29,2024-04-06,,2024-04-06 00:00:00,2024-12-31 00:00:00
sub_621178,cust_619013,4,active,annual,199,2024-02-23,,2024-02-23 00:00:00,2024-12-31 00:00:00
sub_613604,cust_406278,2,churned,monthly,0,2023-02-03,2023-08-04,2023-02-03 00:00:00,2023-08-04 00:00:00
sub_426584,cust_219754,4,active,annual,199,2023-10-02,,2023-10-02 00:00:00,2024-12-31 00:00:00
sub_639420,cust_207391,1,active,monthly,0,2024-10-31,,2024-10-31 00:00:00,2024-12-31 00:00:00
sub_493935,cust_951327,2,churned,monthly,0,2023-08-31,2024-01-02,2023-08-31 00:00:00,2024-01-02 00:00:00
sub_756581,cust_922974,3,active,annual,79,2023-07-31,,2023-07-31 00:00:00,2024-12-31 00:00:00
sub_595043,cust_403387,4,churned,monthly,0,2024-08-09,2024-12-14,2024-08-09 00:00:00,2024-12-14 00:00:00
sub_593348,cust_162165,2,churned,monthly,0,2023-10-11,2024-07-11,2023-10-11 00:00:00,2024-07-11 00:00:00
sub_114815,cust_613234,2,active,annual,29,2023-05-26,,2023-05-26 00:00:00,2024-12-31 00:00:00
sub_946514,cust_828449,2,active,annual,29,2024-01-13,,2024-01-13 00:00:00,2024-12-31 00:00:00
sub_417255,cust_796405,2,active,monthly,29,2024-01-02,,2024-01-02 00:00:00,2024-12-31 00:00:00
sub_845902,cust_673896,2,active,monthly,29,2024-08-14,,2024-08-14 00:00:00,2024-12-31 00:00:00
sub_783768,cust_581906,4,active,monthly,199,2023-01-17,,2023-01-17 00:00:00,2024-12-31 00:00:00
sub_387492,cust_781571,3,churned,monthly,0,2023-11-06,2024-08-23,2023-11-06 00:00:00,2024-08-23 00:00:00
sub_847960,cust_273565,2,active,monthly,29,2023-02-23,,2023-02-23 00:00:00,2024-12-31 00:00:00
sub_529131,cust_599968,4,active,monthly,199,2023-03-21,,2023-03-21 00:00:00,2024-12-31 00:00:00
sub_840204,cust_542828,1,active,monthly,0,2023-05-16,,2023-05-16 00:00:00,2024-12-31 00:00:00
sub_969793,cust_501312,3,churned,monthly,0,2023-05-17,2024-11-26,2023-05-17 00:00:00,2024-11-26 00:00:00
sub_761770,cust_323404,2,active,monthly,29,2024-10-05,,2024-10-05 00:00:00,2024-12-31 00:00:00
sub_691155,cust_229139,3,active,monthly,79,2024-08-26,,2024-08-26 00:00:00,2024-12-31 00:00:00
sub_108281,cust_730193,4,active,monthly,199,2024-09-06,,2024-09-06 00:00:00,2024-12-31 00:00:00
sub_421153,cust_297810,3,active,monthly,79,2024-02-06,,2024-02-06 00:00:00,2024-12-31 00:00:00
sub_858510,cust_722780,3,active,monthly,79,2023-03-14,,2023-03-14 00:00:00,2024-12-31 00:00:00
sub_931377,cust_483162,2,churned,annual,0,2024-07-13,2024-12-26,2024-07-13 00:00:00,2024-12-26 00:00:00
sub_280426,cust_163406,3,active,monthly,79,2024-02-12,,2024-02-12 00:00:00,2024-12-31 00:00:00
sub_971730,cust_745972,1,active,monthly,0,2023-06-06,,2023-06-06 00:00:00,2024-12-31 00:00:00
sub_181023,cust_900298,4,active,monthly,199,2024-10-27,,2024-10-27 00:00:00,2024-12-31 00:00:00
sub_297101,cust_221620,3,active,monthly,79,2024-04-09,,2024-04-09 00:00:00,2024-12-31 00:00:00
sub_136518,cust_111901,4,active,monthly,199,2023-06-17,,2023-06-17 00:00:00,2024-12-31 00:00:00
sub_878111,cust_381819,2,churned,monthly,0,2023-05-01,2024-11-22,2023-05-01 00:00:00,2024-11-22 00:00:00
sub_582607,cust_635593,2,churned,monthly,0,2024-01-04,2024-10-02,2024-01-04 00:00:00,2024-10-02 00:00:00
sub_137345,cust_876764,1,active,monthly,0,2024-06-05,,2024-06-05 00:00:00,2024-12-31 00:00:00
sub_552041,cust_999138,4,active,annual,199,2023-02-06,,2023-02-06 00:00:00,2024-12-31 00:00:00
sub_698626,cust_384434,3,churned,monthly,0,2023-03-21,2024-08-29,2023-03-21 00:00:00,2024-08-29 00:00:00
sub_789137,cust_172274,4,churned,monthly,0,2024-04-21,2024-12-06,2024-04-21 00:00:00,2024-12-06 00:00:00
sub_738914,cust_418672,2,active,annual,29,2024-09-29,,2024-09-29 00:00:00,2024-12-31 00:00:00
sub_684745,cust_357034,3,active,monthly,79,2023-06-04,,2023-06-04 00:00:00,2024-12-31 00:00:00
sub_131000,cust_789233,4,active,monthly,199,2024-01-21,,2024-01-21 00:00:00,2024-12-31 00:00:00
sub_663706,cust_249289,2,active,monthly,29,2023-10-14,,2023-10-14 00:00:00,2024-12-31 00:00:00
sub_760891,cust_708982,1,active,monthly,0,2023-04-08,,2023-04-08 00:00:00,2024-12-31 00:00:00
sub_501975,cust_405844,4,active,monthly,199,2023-09-25,,2023-09-25 00:00:00,2024-12-31 00:00:00
sub_817606,cust_312559,2,active,monthly,29,2023-05-20,,2023-05-20 00:00:00,2024-12-31 00:00:00
sub_772534,cust_317722,3,churned,monthly,0,2024-04-07,2024-06-24,2024-04-07 00:00:00,2024-06-24 00:00:00
sub_526085,cust_142288,2,churned,annual,0,2023-08-09,2023-10-22,2023-08-09 00:00:00,2023-10-22 00:00:00
sub_850755,cust_282313,2,active,monthly,29,2023-02-01,,2023-02-01 00:00:00,2024-12-31 00:00:00
sub_580501,cust_112537,2,active,annual,29,2023-03-05,,2023-03-05 00:00:00,2024-12-31 00:00:00
sub_805983,cust_952227,4,churned,monthly,0,2023-03-18,2023-09-05,2023-03-18 00:00:00,2023-09-05 00:00:00
sub_255570,cust_447655,3,active,monthly,79,2023-05-06,,2023-05-06 00:00:00,2024-12-31 00:00:00
sub_114923,cust_547389,2,active,monthly,29,2023-06-26,,2023-06-26 00:00:00,2024-12-31 00:00:00
sub_632064,cust_778720,2,active,monthly,29,2023-10-30,,2023-10-30 00:00:00,2024-12-31 00:00:00
sub_647941,cust_935922,2,active,monthly,29,2024-06-22,,2024-06-22 00:00:00,2024-12-31 00:00:00
sub_305967,cust_608223,3,active,monthly,79,2023-12-19,,2023-12-19 00:00:00,2024-12-31 00:00:00
sub_915158,cust_394579,4,active,monthly,199,2023-03-01,,2023-03-01 00:00:00,2024-12-31 00:00:00
sub_106833,cust_955937,2,churned,monthly,0,2023-02-27,2023-07-09,2023-02-27 00:00:00,2023-07-09 00:00:00
sub_199161,cust_873959,2,active,annual,29,2024-01-03,,2024-01-03 00:00:00,2024-12-31 00:00:00
sub_698745,cust_616137,1,active,monthly,0,2024-07-09,,2024-07-09 00:00:00,2024-12-31 00:00:00
sub_785234,cust_743966,1,active,monthly,0,2023-07-26,,2023-07-26 00:00:00,2024-12-31 00:00:00
sub_105948,cust_248533,4,churned,annual,0,2023-04-24,2023-11-14,2023-04-24 00:00:00,2023-11-14 00:00:00
sub_851485,cust_438273,3,active,monthly,79,2023-05-20,,2023-05-20 00:00:00,2024-12-31 00:00:00
sub_821211,cust_827250,2,active,annual,29,2024-09-20,,2024-09-20 00:00:00,2024-12-31 00:00:00
sub_162198,cust_101885,4,active,monthly,199,2024-08-09,,2024-08-09 00:00:00,2024-12-31 00:00:00
sub_594761,cust_331625,2,active,monthly,29,2024-10-16,,2024-10-16 00:00:00,2024-12-31 00:00:00
sub_964352,cust_193035,4,active,monthly,199,2024-11-17,,2024-11-17 00:00:00,2024-12-31 00:00:00
sub_701975,cust_213282,1,active,monthly,0,2023-01-02,,2023-01-02 00:00:00,2024-12-31 00:00:00
sub_247083,cust_969067,4,active,monthly,199,2024-05-05,,2024-05-05 00:00:00,2024-12-31 00:00:00
sub_491616,cust_209812,2,active,monthly,29,2023-03-17,,2023-03-17 00:00:00,2024-12-31 00:00:00
sub_957479,cust_606186,4,churned,monthly,0,2023-02-01,2024-03-08,2023-02-01 00:00:00,2024-03-08 00:00:00
sub_257805,cust_529161,4,active,monthly,199,2024-07-21,,2024-07-21 00:00:00,2024-12-31 00:00:00
sub_849631,cust_980651,1,churned,annual,0,2024-05-17,2024-10-01,2024-05-17 00:00:00,2024-10-01 00:00:00
sub_666310,cust_126985,3,churned,monthly,0,2023-07-31,2024-12-08,2023-07-31 00:00:00,2024-12-08 00:00:00
sub_568516,cust_377877,3,active,monthly,79,2023-04-04,,2023-04-04 00:00:00,2024-12-31 00:00:00
sub_116929,cust_376195,3,active,monthly,79,2023-08-20,,2023-08-20 00:00:00,2024-12-31 00:00:00
sub_865071,cust_893202,3,active,monthly,79,2024-08-26,,2024-08-26 00:00:00,2024-12-31 00:00:00
sub_828833,cust_347088,1,active,monthly,0,2024-05-02,,2024-05-02 00:00:00,2024-12-31 00:00:00
sub_527456,cust_750403,2,active,monthly,29,2023-05-31,,2023-05-31 00:00:00,2024-12-31 00:00:00
sub_899541,cust_816308,3,active,monthly,79,2024-03-21,,2024-03-21 00:00:00,2024-12-31 00:00:00
sub_240934,cust_506951,4,active,annual,199,2024-07-23,,2024-07-23 00:00:00,2024-12-31 00:00:00
sub_231945,cust_539976,1,active,monthly,0,2023-04-26,,2023-04-26 00:00:00,2024-12-31 00:00:00
sub_762574,cust_399990,4,churned,monthly,0,2024-07-02,2024-08-19,2024-07-02 00:00:00,2024-08-19 00:00:00
sub_349382,cust_250840,4,active,monthly,199,2024-09-25,,2024-09-25 00:00:00,2024-12-31 00:00:00
sub_999343,cust_381631,2,active,monthly,29,2024-01-17,,2024-01-17 00:00:00,2024-12-31 00:00:00
sub_295370,cust_339030,3,active,monthly,79,2023-05-18,,2023-05-18 00:00:00,2024-12-31 00:00:00
sub_291482,cust_563173,2,active,monthly,29,2023-08-05,,2023-08-05 00:00:00,2024-12-31 00:00:00
sub_999987,cust_844037,2,active,monthly,29,2024-06-02,,2024-06-02 00:00:00,2024-12-31 00:00:00
sub_437558,cust_160426,2,churned,monthly,0,2023-09-13,2023-10-08,2023-09-13 00:00:00,2023-10-08 00:00:00
sub_869089,cust_229890,1,active,monthly,0,2024-11-28,,2024-11-28 00:00:00,2024-12-31 00:00:00
sub_250776,cust_978343,3,active,monthly,79,2023-09-22,,2023-09-22 00:00:00,2024-12-31 00:00:00
sub_111292,cust_332103,2,active,monthly,29,2024-10-24,,2024-10-24 00:00:00,2024-12-31 00:00:00
sub_343459,cust_281614,1,active,monthly,0,2024-09-07,,2024-09-07 00:00:00,2024-12-31 00:00:00
sub_261141,cust_992952,3,active,monthly,79,2023-12-24,,2023-12-24 00:00:00,2024-12-31 00:00:00
sub_867305,cust_794530,4,active,monthly,199,2024-01-19,,2024-01-19 00:00:00,2024-12-31 00:00:00
sub_363895,cust_440930,3,churned,monthly,0,2023-10-11,2024-03-29,2023-10-11 00:00:00,2024-03-29 00:00:00
sub_619020,cust_944554,4,active,monthly,199,2024-09-06,,2024-09-06 00:00:00,2024-12-31 00:00:00
sub_940848,cust_507135,3,active,monthly,79,2023-02-06,,2023-02-06 00:00:00,2024-12-31 00:00:00
sub_990691,cust_598844,3,active,annual,79,2024-11-18,,2024-11-18 00:00:00,2024-12-31 00:00:00
sub_469495,cust_876909,4,active,annual,199,2023-09-22,,2023-09-22 00:00:00,2024-12-31 00:00:00
sub_431910,cust_880360,3,active,annual,79,2023-11-11,,2023-11-11 00:00:00,2024-12-31 00:00:00
sub_116701,cust_711922,2,active,monthly,29,2024-08-17,,2024-08-17 00:00:00,2024-12-31 00:00:00
sub_893531,cust_995735,3,active,monthly,79,2023-06-04,,2023-06-04 00:00:00,2024-12-31 00:00:00
sub_127639,cust_916779,3,active,monthly,79,2023-03-24,,2023-03-24 00:00:00,2024-12-31 00:00:00
sub_942453,cust_276795,2,active,annual,29,2024-08-13,,2024-08-13 00:00:00,2024-12-31 00:00:00
sub_180782,cust_600590,2,active,annual,29,2024-01-28,,2024-01-28 00:00:00,2024-12-31 00:00:00
sub_686149,cust_757128,1,active,monthly,0,2023-09-12,,2023-09-12 00:00:00,2024-12-31 00:00:00
sub_599779,cust_147939,3,active,annual,79,2023-11-02,,2023-11-02 00:00:00,2024-12-31 00:00:00
sub_446589,cust_476701,2,active,monthly,29,2023-07-12,,2023-07-12 00:00:00,2024-12-31 00:00:00
sub_193434,cust_122977,2,active,monthly,29,2024-08-26,,2024-08-26 00:00:00,2024-12-31 00:00:00
sub_830244,cust_150947,3,active,monthly,79,2024-08-31,,2024-08-31 00:00:00,2024-12-31 00:00:00
sub_623954,cust_365015,2,active,monthly,29,2024-04-30,,2024-04-30 00:00:00,2024-12-31 00:00:00
sub_684191,cust_753050,1,churned,monthly,0,2024-09-12,2024-11-14,2024-09-12 00:00:00,2024-11-14 00:00:00
sub_938900,cust_621917,2,churned,annual,0,2023-07-23,2024-12-24,2023-07-23 00:00:00,2024-12-24 00:00:00
sub_932199,cust_674765,3,active,annual,79,2024-05-23,,2024-05-23 00:00:00,2024-12-31 00:00:00
sub_742978,cust_801520,2,active,annual,29,2024-05-20,,2024-05-20 00:00:00,2024-12-31 00:00:00
sub_932625,cust_410401,1,active,monthly,0,2023-09-28,,2023-09-28 00:00:00,2024-12-31 00:00:00
sub_407189,cust_874415,4,active,annual,199,2023-04-29,,2023-04-29 00:00:00,2024-12-31 00:00:00
sub_297382,cust_558976,4,active,monthly,199,2024-09-28,,2024-09-28 00:00:00,2024-12-31 00:00:00
sub_633458,cust_976303,4,active,monthly,199,2024-01-30,,2024-01-30 00:00:00,2024-12-31 00:00:00
sub_404550,cust_985364,2,churned,monthly,0,2023-06-13,2024-03-28,2023-06-13 00:00:00,2024-03-28 00:00:00
sub_751966,cust_741055,3,active,monthly,79,2023-01-30,,2023-01-30 00:00:00,2024-12-31 00:00:00
sub_876043,cust_166412,3,active,monthly,79,2023-09-25,,2023-09-25 00:00:00,2024-12-31 00:00:00
sub_293439,cust_802382,3,active,monthly,79,2023-12-13,,2023-12-13 00:00:00,2024-12-31 00:00:00
sub_145883,cust_772561,3,active,monthly,79,2024-01-30,,2024-01-30 00:00:00,2024-12-31 00:00:00
sub_730886,cust_619920,1,churned,monthly,0,2023-06-19,2024-08-01,2023-06-19 00:00:00,2024-08-01 00:00:00
sub_660226,cust_522866,2,churned,monthly,0,2023-08-29,2024-02-08,2023-08-29 00:00:00,2024-02-08 00:00:00
sub_953232,cust_881439,1,active,monthly,0,2024-10-31,,2024-10-31 00:00:00,2024-12-31 00:00:00
sub_691018,cust_633030,2,active,monthly,29,2024-07-29,,2024-07-29 00:00:00,2024-12-31 00:00:00
sub_396189,cust_904694,3,active,monthly,79,2024-09-26,,2024-09-26 00:00:00,2024-12-31 00:00:00
sub_816052,cust_970196,3,active,monthly,79,2024-10-10,,2024-10-10 00:00:00,2024-12-31 00:00:00
sub_602403,cust_856609,1,active,annual,0,2024-02-24,,2024-02-24 00:00:00,2024-12-31 00:00:00
sub_369705,cust_851606,3,active,annual,79,2023-12-13,,2023-12-13 00:00:00,2024-12-31 00:00:00
sub_541597,cust_790441,2,active,annual,29,2024-08-26,,2024-08-26 00:00:00,2024-12-31 00:00:00
sub_586032,cust_633025,2,active,monthly,29,2023-07-01,,2023-07-01 00:00:00,2024-12-31 00:00:00
sub_153357,cust_503348,4,churned,monthly,0,2024-03-04,2024-09-26,2024-03-04 00:00:00,2024-09-26 00:00:00
sub_799393,cust_532794,4,active,monthly,199,2024-09-08,,2024-09-08 00:00:00,2024-12-31 00:00:00
sub_258002,cust_327900,2,active,monthly,29,2023-07-25,,2023-07-25 00:00:00,2024-12-31 00:00:00
sub_711790,cust_628370,4,active,annual,199,2024-07-09,,2024-07-09 00:00:00,2024-12-31 00:00:00
sub_259401,cust_537757,4,active,monthly,199,2024-11-21,,2024-11-21 00:00:00,2024-12-31 00:00:00
sub_265969,cust_155642,1,active,monthly,0,2024-11-17,,2024-11-17 00:00:00,2024-12-31 00:00:00
sub_823479,cust_922458,2,active,annual,29,2023-10-30,,2023-10-30 00:00:00,2024-12-31 00:00:00
sub_615655,cust_878476,3,active,annual,79,2024-10-24,,2024-10-24 00:00:00,2024-12-31 00:00:00
sub_189139,cust_506380,2,active,annual,29,2024-03-02,,2024-03-02 00:00:00,2024-12-31 00:00:00
sub_471942,cust_564586,3,active,monthly,79,2023-08-19,,2023-08-19 00:00:00,2024-12-31 00:00:00
sub_886429,cust_302897,3,active,annual,79,2023-10-29,,2023-10-29 00:00:00,2024-12-31 00:00:00
sub_995092,cust_392670,2,active,annual,29,2024-07-23,,2024-07-23 00:00:00,2024-12-31 00:00:00
sub_679215,cust_438302,3,active,monthly,79,2024-09-03,,2024-09-03 00:00:00,2024-12-31 00:00:00
sub_633506,cust_842057,3,churned,annual,0,2023-11-22,2024-08-07,2023-11-22 00:00:00,2024-08-07 00:00:00
sub_457705,cust_466375,1,active,annual,0,2023-08-15,,2023-08-15 00:00:00,2024-12-31 00:00:00
sub_599168,cust_888669,1,active,annual,0,2024-10-26,,2024-10-26 00:00:00,2024-12-31 00:00:00
sub_564012,cust_436526,1,active,monthly,0,2024-01-26,,2024-01-26 00:00:00,2024-12-31 00:00:00
sub_771712,cust_610451,4,active,monthly,199,2023-02-14,,2023-02-14 00:00:00,2024-12-31 00:00:00
sub_488438,cust_659106,2,churned,monthly,0,2023-01-08,2023-06-17,2023-01-08 00:00:00,2023-06-17 00:00:00
sub_584064,cust_969005,4,active,monthly,199,2024-03-21,,2024-03-21 00:00:00,2024-12-31 00:00:00
sub_539979,cust_156904,2,churned,annual,0,2023-07-02,2024-07-05,2023-07-02 00:00:00,2024-07-05 00:00:00
sub_970085,cust_431773,4,active,annual,199,2023-01-18,,2023-01-18 00:00:00,2024-12-31 00:00:00
sub_741337,cust_176115,2,churned,monthly,0,2024-01-02,2024-09-17,2024-01-02 00:00:00,2024-09-17 00:00:00
sub_358064,cust_132316,2,active,monthly,29,2024-04-30,,2024-04-30 00:00:00,2024-12-31 00:00:00
sub_705258,cust_810189,4,active,annual,199,2024-10-25,,2024-10-25 00:00:00,2024-12-31 00:00:00
sub_842501,cust_663244,1,active,monthly,0,2024-07-14,,2024-07-14 00:00:00,2024-12-31 00:00:00
sub_635780,cust_249375,1,churned,annual,0,2023-06-14,2024-01-21,2023-06-14 00:00:00,2024-01-21 00:00:00
sub_929718,cust_675512,3,active,annual,79,2024-04-17,,2024-04-17 00:00:00,2024-12-31 00:00:00
sub_689171,cust_474486,3,active,monthly,79,2023-05-12,,2023-05-12 00:00:00,2024-12-31 00:00:00
sub_783288,cust_791454,3,active,monthly,79,2023-11-10,,2023-11-10 00:00:00,2024-12-31 00:00:00
sub_398595,cust_332286,2,active,monthly,29,2024-10-18,,2024-10-18 00:00:00,2024-12-31 00:00:00
sub_154970,cust_610626,2,active,annual,29,2024-07-18,,2024-07-18 00:00:00,2024-12-31 00:00:00
sub_514751,cust_757057,4,active,monthly,199,2023-03-20,,2023-03-20 00:00:00,2024-12-31 00:00:00
sub_266786,cust_138436,4,active,monthly,199,2024-07-18,,2024-07-18 00:00:00,2024-12-31 00:00:00
sub_144454,cust_718241,2,churned,monthly,0,2023-10-25,2024-06-08,2023-10-25 00:00:00,2024-06-08 00:00:00
sub_802170,cust_743863,2,active,annual,29,2024-12-01,,2024-12-01 00:00:00,2024-12-31 00:00:00
sub_142079,cust_867562,1,churned,monthly,0,2024-05-10,2024-09-25,2024-05-10 00:00:00,2024-09-25 00:00:00
sub_485999,cust_929906,3,active,monthly,79,2024-01-05,,2024-01-05 00:00:00,2024-12-31 00:00:00
sub_372988,cust_764343,3,churned,monthly,0,2023-10-08,2023-12-29,2023-10-08 00:00:00,2023-12-29 00:00:00
sub_314528,cust_181618,2,active,monthly,29,2024-06-13,,2024-06-13 00:00:00,2024-12-31 00:00:00
sub_722076,cust_106918,2,churned,annual,0,2024-05-28,2024-08-20,2024-05-28 00:00:00,2024-08-20 00:00:00
sub_984539,cust_852146,4,active,monthly,199,2023-05-02,,2023-05-02 00:00:00,2024-12-31 00:00:00
sub_998803,cust_778700,2,active,monthly,29,2024-02-25,,2024-02-25 00:00:00,2024-12-31 00:00:00
sub_179796,cust_158627,4,active,monthly,199,2023-06-20,,2023-06-20 00:00:00,2024-12-31 00:00:00
sub_553496,cust_793889,2,active,annual,29,2023-10-18,,2023-10-18 00:00:00,2024-12-31 00:00:00
sub_312544,cust_933215,2,active,annual,29,2024-08-19,,2024-08-19 00:00:00,2024-12-31 00:00:00
sub_949717,cust_496583,1,active,monthly,0,2024-01-30,,2024-01-30 00:00:00,2024-12-31 00:00:00
sub_491399,cust_286040,3,active,monthly,79,2024-05-02,,2024-05-02 00:00:00,2024-12-31 00:00:00
sub_904586,cust_732789,4,active,monthly,199,2024-07-06,,2024-07-06 00:00:00,2024-12-31 00:00:00
sub_448970,cust_549793,4,active,annual,199,2023-08-23,,2023-08-23 00:00:00,2024-12-31 00:00:00
sub_644807,cust_600318,1,active,monthly,0,2023-08-27,,2023-08-27 00:00:00,2024-12-31 00:00:00
sub_886249,cust_647923,3,active,monthly,79,2023-05-01,,2023-05-01 00:00:00,2024-12-31 00:00:00
sub_124647,cust_713805,3,active,monthly,79,2023-09-17,,2023-09-17 00:00:00,2024-12-31 00:00:00
sub_766076,cust_921861,2,active,monthly,29,2024-07-24,,2024-07-24 00:00:00,2024-12-31 00:00:00
sub_435158,cust_871523,2,churned,monthly,0,2023-05-22,2024-07-20,2023-05-22 00:00:00,2024-07-20 00:00:00
sub_191046,cust_454877,4,active,monthly,199,2024-07-17,,2024-07-17 00:00:00,2024-12-31 00:00:00
sub_136010,cust_594580,1,churned,monthly,0,2024-09-06,2024-12-04,2024-09-06 00:00:00,2024-12-04 00:00:00
sub_808043,cust_743789,3,active,annual,79,2024-11-02,,2024-11-02 00:00:00,2024-12-31 00:00:00
sub_172456,cust_991884,3,active,monthly,79,2024-11-03,,2024-11-03 00:00:00,2024-12-31 00:00:00
sub_830994,cust_477214,1,churned,monthly,0,2023-09-02,2024-11-26,2023-09-02 00:00:00,2024-11-26 00:00:00
sub_146005,cust_642892,3,churned,monthly,0,2023-01-16,2024-05-26,2023-01-16 00:00:00,2024-05-26 00:00:00
sub_486178,cust_389939,2,active,monthly,29,2023-08-20,,2023-08-20 00:00:00,2024-12-31 00:00:00
sub_698129,cust_175902,2,active,monthly,29,2024-05-30,,2024-05-30 00:00:00,2024-12-31 00:00:00
sub_170064,cust_495397,4,active,annual,199,2024-07-30,,2024-07-30 00:00:00,2024-12-31 00:00:00
sub_239685,cust_370343,2,active,annual,29,2023-03-11,,2023-03-11 00:00:00,2024-12-31 00:00:00
sub_638322,cust_110195,1,churned,annual,0,2023-09-27,2024-08-24,2023-09-27 00:00:00,2024-08-24 00:00:00
sub_129009,cust_470711,3,active,monthly,79,2023-08-12,,2023-08-12 00:00:00,2024-12-31 00:00:00
sub_487470,cust_353814,1,active,monthly,0,2023-09-29,,2023-09-29 00:00:00,2024-12-31 00:00:00
sub_658617,cust_795650,1,active,monthly,0,2024-05-19,,2024-05-19 00:00:00,2024-12-31 00:00:00
sub_351044,cust_702427,2,active,monthly,29,2023-10-09,,2023-10-09 00:00:00,2024-12-31 00:00:00
sub_847237,cust_543732,1,active,monthly,0,2024-05-04,,2024-05-04 00:00:00,2024-12-31 00:00:00
sub_493214,cust_582418,1,churned,monthly,0,2023-11-20,2024-11-21,2023-11-20 00:00:00,2024-11-21 00:00:00
sub_367188,cust_675210,2,active,annual,29,2023-09-27,,2023-09-27 00:00:00,2024-12-31 00:00:00
sub_143027,cust_490394,3,churned,annual,0,2024-01-09,2024-08-04,2024-01-09 00:00:00,2024-08-04 00:00:00
sub_854525,cust_943146,3,churned,monthly,0,2023-08-30,2024-04-14,2023-08-30 00:00:00,2024-04-14 00:00:00
sub_280189,cust_541996,3,active,annual,79,2024-05-26,,2024-05-26 00:00:00,2024-12-31 00:00:00
sub_353781,cust_695417,4,churned,monthly,0,2023-02-18,2024-08-01,2023-02-18 00:00:00,2024-08-01 00:00:00
sub_806017,cust_372387,3,active,monthly,79,2024-01-05,,2024-01-05 00:00:00,2024-12-31 00:00:00
sub_276560,cust_734992,3,active,annual,79,2023-07-23,,2023-07-23 00:00:00,2024-12-31 00:00:00
sub_476984,cust_912378,3,active,monthly,79,2024-04-02,,2024-04-02 00:00:00,2024-12-31 00:00:00
sub_372482,cust_761938,3,active,monthly,79,2024-09-19,,2024-09-19 00:00:00,2024-12-31 00:00:00
sub_986993,cust_380465,3,churned,monthly,0,2024-09-11,2024-11-21,2024-09-11 00:00:00,2024-11-21 00:00:00
sub_196864,cust_534098,2,active,monthly,29,2023-06-21,,2023-06-21 00:00:00,2024-12-31 00:00:00
sub_347721,cust_516332,1,churned,monthly,0,2023-04-16,2023-05-20,2023-04-16 00:00:00,2023-05-20 00:00:00
sub_921185,cust_375201,1,active,monthly,0,2024-09-24,,2024-09-24 00:00:00,2024-12-31 00:00:00
sub_858339,cust_237654,1,active,monthly,0,2024-06-23,,2024-06-23 00:00:00,2024-12-31 00:00:00
sub_952812,cust_385647,2,churned,monthly,0,2024-07-15,2024-10-01,2024-07-15 00:00:00,2024-10-01 00:00:00
sub_353677,cust_691380,3,active,annual,79,2024-03-21,,2024-03-21 00:00:00,2024-12-31 00:00:00
sub_100601,cust_483551,2,active,monthly,29,2024-02-27,,2024-02-27 00:00:00,2024-12-31 00:00:00
sub_778799,cust_821179,1,active,annual,0,2024-05-18,,2024-05-18 00:00:00,2024-12-31 00:00:00
sub_176983,cust_687783,3,churned,monthly,0,2024-03-23,2024-10-17,2024-03-23 00:00:00,2024-10-17 00:00:00
sub_116820,cust_351198,4,active,monthly,199,2024-06-13,,2024-06-13 00:00:00,2024-12-31 00:00:00
sub_117173,cust_291267,4,active,annual,199,2023-05-20,,2023-05-20 00:00:00,2024-12-31 00:00:00
sub_960979,cust_152042,1,churned,monthly,0,2024-07-01,2024-10-25,2024-07-01 00:00:00,2024-10-25 00:00:00
sub_631331,cust_115440,1,churned,monthly,0,2024-05-20,2024-08-30,2024-05-20 00:00:00,2024-08-30 00:00:00
sub_964774,cust_184120,1,active,monthly,0,2023-05-30,,2023-05-30 00:00:00,2024-12-31 00:00:00
sub_792706,cust_227885,2,churned,annual,0,2023-09-12,2024-02-28,2023-09-12 00:00:00,2024-02-28 00:00:00
sub_303941,cust_798359,2,churned,monthly,0,2023-08-02,2024-03-19,2023-08-02 00:00:00,2024-03-19 00:00:00
sub_139280,cust_646230,4,active,monthly,199,2023-05-06,,2023-05-06 00:00:00,2024-12-31 00:00:00
sub_337186,cust_555251,1,churned,annual,0,2023-11-29,2024-08-07,2023-11-29 00:00:00,2024-08-07 00:00:00
sub_370157,cust_824305,3,active,monthly,79,2024-05-01,,2024-05-01 00:00:00,2024-12-31 00:00:00
sub_480625,cust_896456,1,active,monthly,0,2024-10-02,,2024-10-02 00:00:00,2024-12-31 00:00:00
sub_185070,cust_685472,3,active,monthly,79,2024-10-22,,2024-10-22 00:00:00,2024-12-31 00:00:00
sub_261528,cust_141406,3,active,monthly,79,2024-05-11,,2024-05-11 00:00:00,2024-12-31 00:00:00
sub_515597,cust_591147,2,active,monthly,29,2023-10-09,,2023-10-09 00:00:00,2024-12-31 00:00:00
sub_594097,cust_576136,3,churned,monthly,0,2023-01-01,2023-08-28,2023-01-01 00:00:00,2023-08-28 00:00:00
sub_140833,cust_790266,2,active,annual,29,2024-07-05,,2024-07-05 00:00:00,2024-12-31 00:00:00
sub_212762,cust_215830,4,churned,monthly,0,2023-04-09,2024-02-07,2023-04-09 00:00:00,2024-02-07 00:00:00
sub_828664,cust_133362,4,active,monthly,199,2024-08-07,,2024-08-07 00:00:00,2024-12-31 00:00:00
sub_538272,cust_852715,2,active,annual,29,2023-03-14,,2023-03-14 00:00:00,2024-12-31 00:00:00
sub_481901,cust_685126,4,active,monthly,199,2024-03-01,,2024-03-01 00:00:00,2024-12-31 00:00:00
sub_571452,cust_326387,1,churned,monthly,0,2024-06-15,2024-10-20,2024-06-15 00:00:00,2024-10-20 00:00:00
sub_535998,cust_287588,3,churned,monthly,0,2024-07-25,2024-09-06,2024-07-25 00:00:00,2024-09-06 00:00:00
sub_733257,cust_209159,2,churned,monthly,0,2023-06-20,2023-10-26,2023-06-20 00:00:00,2023-10-26 00:00:00
sub_845920,cust_676802,2,churned,monthly,0,2023-11-29,2024-02-05,2023-11-29 00:00:00,2024-02-05 00:00:00
sub_625417,cust_902903,3,active,monthly,79,2024-07-17,,2024-07-17 00:00:00,2024-12-31 00:00:00
sub_654418,cust_117094,4,active,annual,199,2024-06-14,,2024-06-14 00:00:00,2024-12-31 00:00:00
sub_146675,cust_823222,3,active,monthly,79,2023-10-10,,2023-10-10 00:00:00,2024-12-31 00:00:00
sub_656524,cust_484914,1,active,monthly,0,2024-08-19,,2024-08-19 00:00:00,2024-12-31 00:00:00
sub_941368,cust_931420,2,churned,annual,0,2024-05-09,2024-07-26,2024-05-09 00:00:00,2024-07-26 00:00:00
sub_795535,cust_947607,1,active,monthly,0,2024-08-13,,2024-08-13 00:00:00,2024-12-31 00:00:00
sub_603174,cust_907812,2,active,annual,29,2023-08-21,,2023-08-21 00:00:00,2024-12-31 00:00:00
sub_179928,cust_434827,2,active,annual,29,2024-07-06,,2024-07-06 00:00:00,2024-12-31 00:00:00
sub_227338,cust_889410,3,active,monthly,79,2024-09-01,,2024-09-01 00:00:00,2024-12-31 00:00:00
sub_800447,cust_881519,2,churned,monthly,0,2023-02-20,2024-05-10,2023-02-20 00:00:00,2024-05-10 00:00:00
sub_553405,cust_307731,3,active,monthly,79,2024-05-14,,2024-05-14 00:00:00,2024-12-31 00:00:00
sub_880823,cust_550956,3,active,monthly,79,2023-11-28,,2023-11-28 00:00:00,2024-12-31 00:00:00
sub_430479,cust_787247,3,churned,annual,0,2023-01-25,2024-03-16,2023-01-25 00:00:00,2024-03-16 00:00:00
sub_243570,cust_957915,2,active,monthly,29,2023-08-28,,2023-08-28 00:00:00,2024-12-31 00:00:00
sub_433774,cust_254850,3,active,annual,79,2023-10-22,,2023-10-22 00:00:00,2024-12-31 00:00:00
sub_877093,cust_313701,3,active,monthly,79,2024-07-13,,2024-07-13 00:00:00,2024-12-31 00:00:00
sub_377120,cust_711324,1,active,monthly,0,2024-11-10,,2024-11-10 00:00:00,2024-12-31 00:00:00
sub_779986,cust_108739,3,active,annual,79,2023-03-10,,2023-03-10 00:00:00,2024-12-31 00:00:00
sub_841242,cust_505298,3,active,monthly,79,2023-08-25,,2023-08-25 00:00:00,2024-12-31 00:00:00
sub_218083,cust_580233,1,active,monthly,0,2024-07-28,,2024-07-28 00:00:00,2024-12-31 00:00:00
sub_254127,cust_817552,3,active,annual,79,2023-12-27,,2023-12-27 00:00:00,2024-12-31 00:00:00
sub_297133,cust_954441,4,churned,annual,0,2023-01-31,2023-08-23,2023-01-31 00:00:00,2023-08-23 00:00:00
sub_919350,cust_810929,4,active,annual,199,2024-09-19,,2024-09-19 00:00:00,2024-12-31 00:00:00
sub_533485,cust_316800,2,active,monthly,29,2024-10-30,,2024-10-30 00:00:00,2024-12-31 00:00:00
sub_546853,cust_241822,2,active,annual,29,2024-03-16,,2024-03-16 00:00:00,2024-12-31 00:00:00
sub_331279,cust_433025,2,churned,monthly,0,2023-05-30,2024-08-26,2023-05-30 00:00:00,2024-08-26 00:00:00
sub_396551,cust_767782,4,active,monthly,199,2023-10-08,,2023-10-08 00:00:00,2024-12-31 00:00:00
sub_802374,cust_342128,1,active,annual,0,2024-09-02,,2024-09-02 00:00:00,2024-12-31 00:00:00
sub_148028,cust_846606,2,active,annual,29,2024-10-27,,2024-10-27 00:00:00,2024-12-31 00:00:00
sub_895792,cust_115743,3,active,monthly,79,2023-10-04,,2023-10-04 00:00:00,2024-12-31 00:00:00
sub_138394,cust_747033,3,active,monthly,79,2024-05-16,,2024-05-16 00:00:00,2024-12-31 00:00:00
sub_944539,cust_428096,3,active,monthly,79,2024-02-08,,2024-02-08 00:00:00,2024-12-31 00:00:00
sub_703638,cust_967182,2,churned,monthly,0,2023-02-13,2023-08-29,2023-02-13 00:00:00,2023-08-29 00:00:00
sub_699475,cust_299072,1,churned,monthly,0,2023-10-26,2024-11-16,2023-10-26 00:00:00,2024-11-16 00:00:00
sub_893341,cust_823468,2,active,annual,29,2024-06-13,,2024-06-13 00:00:00,2024-12-31 00:00:00
sub_213796,cust_829928,3,active,monthly,79,2024-07-13,,2024-07-13 00:00:00,2024-12-31 00:00:00
sub_575062,cust_194560,2,active,monthly,29,2023-09-14,,2023-09-14 00:00:00,2024-12-31 00:00:00
sub_156405,cust_764873,2,churned,monthly,0,2024-01-07,2024-06-11,2024-01-07 00:00:00,2024-06-11 00:00:00
sub_343060,cust_905579,3,churned,annual,0,2023-06-24,2024-02-29,2023-06-24 00:00:00,2024-02-29 00:00:00
sub_315273,cust_423026,3,churned,monthly,0,2023-11-13,2024-09-19,2023-11-13 00:00:00,2024-09-19 00:00:00
sub_912965,cust_112800,3,active,monthly,79,2024-04-14,,2024-04-14 00:00:00,2024-12-31 00:00:00
sub_470500,cust_575779,1,active,monthly,0,2024-02-24,,2024-02-24 00:00:00,2024-12-31 00:00:00
sub_401134,cust_317723,2,churned,monthly,0,2023-02-20,2023-10-26,2023-02-20 00:00:00,2023-10-26 00:00:00
sub_146290,cust_447195,2,active,monthly,29,2023-03-31,,2023-03-31 00:00:00,2024-12-31 00:00:00
sub_923278,cust_925551,4,active,monthly,199,2024-07-29,,2024-07-29 00:00:00,2024-12-31 00:00:00
sub_748115,cust_960109,4,active,monthly,199,2023-03-11,,2023-03-11 00:00:00,2024-12-31 00:00:00
sub_519124,cust_320038,3,churned,monthly,0,2023-08-03,2024-02-23,2023-08-03 00:00:00,2024-02-23 00:00:00
sub_236850,cust_926471,3,active,monthly,79,2023-10-22,,2023-10-22 00:00:00,2024-12-31 00:00:00
sub_295652,cust_620509,4,active,monthly,199,2024-06-16,,2024-06-16 00:00:00,2024-12-31 00:00:00
sub_495597,cust_223949,3,churned,monthly,0,2023-01-25,2024-06-15,2023-01-25 00:00:00,2024-06-15 00:00:00
sub_405530,cust_687638,1,active,monthly,0,2024-10-14,,2024-10-14 00:00:00,2024-12-31 00:00:00
sub_303768,cust_904291,3,active,annual,79,2023-01-07,,2023-01-07 00:00:00,2024-12-31 00:00:00
sub_620792,cust_805139,4,churned,annual,0,2024-05-05,2024-10-29,2024-05-05 00:00:00,2024-10-29 00:00:00
sub_127859,cust_953715,3,active,annual,79,2024-02-28,,2024-02-28 00:00:00,2024-12-31 00:00:00
sub_963020,cust_818791,3,active,annual,79,2023-12-06,,2023-12-06 00:00:00,2024-12-31 00:00:00
sub_459609,cust_735111,2,active,annual,29,2024-02-03,,2024-02-03 00:00:00,2024-12-31 00:00:00
sub_538586,cust_621199,3,active,monthly,79,2023-09-01,,2023-09-01 00:00:00,2024-12-31 00:00:00
sub_918210,cust_311915,4,active,annual,199,2023-04-05,,2023-04-05 00:00:00,2024-12-31 00:00:00
sub_557431,cust_649063,3,active,monthly,79,2023-11-14,,2023-11-14 00:00:00,2024-12-31 00:00:00
sub_799512,cust_138328,4,active,annual,199,2024-04-15,,2024-04-15 00:00:00,2024-12-31 00:00:00
sub_824679,cust_449479,1,active,monthly,0,2024-04-23,,2024-04-23 00:00:00,2024-12-31 00:00:00
sub_367642,cust_310297,4,active,monthly,199,2023-07-17,,2023-07-17 00:00:00,2024-12-31 00:00:00
sub_254069,cust_753205,2,churned,monthly,0,2024-07-27,2024-09-27,2024-07-27 00:00:00,2024-09-27 00:00:00
sub_697144,cust_279594,2,active,monthly,29,2023-03-14,,2023-03-14 00:00:00,2024-12-31 00:00:00
sub_645252,cust_502233,3,active,monthly,79,2023-02-25,,2023-02-25 00:00:00,2024-12-31 00:00:00
sub_461462,cust_427617,2,churned,monthly,0,2023-12-07,2024-01-28,2023-12-07 00:00:00,2024-01-28 00:00:00
sub_203025,cust_832534,2,active,monthly,29,2024-04-24,,2024-04-24 00:00:00,2024-12-31 00:00:00
sub_667770,cust_746910,2,churned,monthly,0,2023-09-22,2024-04-28,2023-09-22 00:00:00,2024-04-28 00:00:00
sub_509650,cust_218370,4,churned,annual,0,2023-12-26,2024-09-26,2023-12-26 00:00:00,2024-09-26 00:00:00
sub_158705,cust_848969,3,churned,monthly,0,2023-04-20,2023-09-02,2023-04-20 00:00:00,2023-09-02 00:00:00
sub_760117,cust_674566,2,churned,monthly,0,2023-06-12,2024-01-18,2023-06-12 00:00:00,2024-01-18 00:00:00
sub_727924,cust_827851,2,active,monthly,29,2023-08-30,,2023-08-30 00:00:00,2024-12-31 00:00:00
sub_503149,cust_682051,2,churned,annual,0,2023-04-10,2023-07-10,2023-04-10 00:00:00,2023-07-10 00:00:00
sub_375564,cust_618306,1,active,monthly,0,2024-10-22,,2024-10-22 00:00:00,2024-12-31 00:00:00
sub_239110,cust_574978,2,active,annual,29,2024-06-28,,2024-06-28 00:00:00,2024-12-31 00:00:00
sub_213994,cust_419343,4,churned,monthly,0,2024-03-21,2024-06-13,2024-03-21 00:00:00,2024-06-13 00:00:00
sub_182412,cust_408474,3,active,monthly,79,2023-03-05,,2023-03-05 00:00:00,2024-12-31 00:00:00
sub_155469,cust_346668,3,active,monthly,79,2024-03-18,,2024-03-18 00:00:00,2024-12-31 00:00:00
sub_799689,cust_597938,2,churned,monthly,0,2023-05-23,2023-06-26,2023-05-23 00:00:00,2023-06-26 00:00:00
sub_615454,cust_240800,1,churned,annual,0,2023-01-12,2024-12-20,2023-01-12 00:00:00,2024-12-20 00:00:00
sub_571485,cust_536056,4,active,annual,199,2024-04-11,,2024-04-11 00:00:00,2024-12-31 00:00:00
sub_347411,cust_336706,3,churned,annual,0,2023-07-10,2024-07-14,2023-07-10 00:00:00,2024-07-14 00:00:00
sub_569009,cust_704349,3,active,annual,79,2024-01-11,,2024-01-11 00:00:00,2024-12-31 00:00:00
sub_346645,cust_865654,3,active,monthly,79,2024-06-23,,2024-06-23 00:00:00,2024-12-31 00:00:00
sub_854124,cust_801200,3,active,monthly,79,2023-03-21,,2023-03-21 00:00:00,2024-12-31 00:00:00
sub_569320,cust_637566,4,churned,monthly,0,2024-04-25,2024-06-12,2024-04-25 00:00:00,2024-06-12 00:00:00
sub_918149,cust_418841,1,active,monthly,0,2024-07-31,,2024-07-31 00:00:00,2024-12-31 00:00:00
sub_503150,cust_400748,1,active,monthly,0,2024-05-11,,2024-05-11 00:00:00,2024-12-31 00:00:00
sub_928928,cust_114892,2,churned,monthly,0,2023-04-25,2024-06-26,2023-04-25 00:00:00,2024-06-26 00:00:00
sub_668087,cust_608473,4,active,monthly,199,2023-07-05,,2023-07-05 00:00:00,2024-12-31 00:00:00
sub_927887,cust_533007,1,active,monthly,0,2024-01-28,,2024-01-28 00:00:00,2024-12-31 00:00:00
sub_507976,cust_959340,2,active,monthly,29,2023-04-29,,2023-04-29 00:00:00,2024-12-31 00:00:00
sub_116391,cust_597643,2,churned,monthly,0,2023-09-26,2024-01-18,2023-09-26 00:00:00,2024-01-18 00:00:00
sub_225805,cust_816047,4,active,annual,199,2023-02-12,,2023-02-12 00:00:00,2024-12-31 00:00:00
sub_863197,cust_203050,3,churned,annual,0,2023-09-19,2024-03-18,2023-09-19 00:00:00,2024-03-18 00:00:00
sub_256957,cust_453796,4,active,monthly,199,2024-11-24,,2024-11-24 00:00:00,2024-12-31 00:00:00
sub_907151,cust_818798,1,active,annual,0,2024-04-01,,2024-04-01 00:00:00,2024-12-31 00:00:00
sub_346425,cust_976042,4,active,annual,199,2023-08-11,,2023-08-11 00:00:00,2024-12-31 00:00:00
sub_244933,cust_779378,3,active,monthly,79,2024-08-02,,2024-08-02 00:00:00,2024-12-31 00:00:00
sub_868488,cust_389809,4,active,monthly,199,2024-03-13,,2024-03-13 00:00:00,2024-12-31 00:00:00
sub_242737,cust_448813,4,churned,annual,0,2023-03-03,2023-04-02,2023-03-03 00:00:00,2023-04-02 00:00:00
sub_340725,cust_213697,3,active,monthly,79,2023-05-28,,2023-05-28 00:00:00,2024-12-31 00:00:00
sub_251070,cust_173832,3,active,monthly,79,2024-08-08,,2024-08-08 00:00:00,2024-12-31 00:00:00
sub_854304,cust_509451,2,active,annual,29,2023-09-30,,2023-09-30 00:00:00,2024-12-31 00:00:00
sub_309905,cust_863119,2,churned,monthly,0,2023-03-13,2024-02-10,2023-03-13 00:00:00,2024-02-10 00:00:00
sub_523651,cust_476353,3,active,monthly,79,2023-12-08,,2023-12-08 00:00:00,2024-12-31 00:00:00
sub_607336,cust_903741,4,active,monthly,199,2023-10-24,,2023-10-24 00:00:00,2024-12-31 00:00:00
sub_284076,cust_822303,2,active,monthly,29,2024-01-03,,2024-01-03 00:00:00,2024-12-31 00:00:00
sub_789173,cust_350069,1,active,annual,0,2024-05-15,,2024-05-15 00:00:00,2024-12-31 00:00:00
sub_927695,cust_926045,1,active,monthly,0,2023-02-13,,2023-02-13 00:00:00,2024-12-31 00:00:00
sub_102818,cust_175532,2,churned,monthly,0,2023-02-07,2023-04-29,2023-02-07 00:00:00,2023-04-29 00:00:00
sub_799107,cust_115063,4,churned,annual,0,2023-06-26,2024-09-20,2023-06-26 00:00:00,2024-09-20 00:00:00
sub_681131,cust_957179,1,active,monthly,0,2023-04-19,,2023-04-19 00:00:00,2024-12-31 00:00:00
sub_214798,cust_873774,2,active,monthly,29,2024-11-25,,2024-11-25 00:00:00,2024-12-31 00:00:00
sub_320254,cust_451801,2,active,annual,29,2023-03-06,,2023-03-06 00:00:00,2024-12-31 00:00:00
sub_522257,cust_142675,4,active,monthly,199,2023-05-17,,2023-05-17 00:00:00,2024-12-31 00:00:00
sub_138821,cust_193471,4,active,monthly,199,2024-10-29,,2024-10-29 00:00:00,2024-12-31 00:00:00
sub_498756,cust_384111,2,active,monthly,29,2024-06-19,,2024-06-19 00:00:00,2024-12-31 00:00:00
sub_256900,cust_192296,3,active,annual,79,2024-10-04,,2024-10-04 00:00:00,2024-12-31 00:00:00
sub_755725,cust_665940,3,active,monthly,79,2024-06-03,,2024-06-03 00:00:00,2024-12-31 00:00:00
sub_466975,cust_597457,2,active,annual,29,2024-05-24,,2024-05-24 00:00:00,2024-12-31 00:00:00
sub_575774,cust_944264,1,active,monthly,0,2024-04-09,,2024-04-09 00:00:00,2024-12-31 00:00:00
sub_878720,cust_346729,3,active,annual,79,2024-03-31,,2024-03-31 00:00:00,2024-12-31 00:00:00
sub_391431,cust_202827,4,churned,monthly,0,2023-08-31,2024-10-15,2023-08-31 00:00:00,2024-10-15 00:00:00
sub_525239,cust_251981,2,active,annual,29,2023-08-10,,2023-08-10 00:00:00,2024-12-31 00:00:00
sub_555275,cust_452207,3,active,monthly,79,2023-05-11,,2023-05-11 00:00:00,2024-12-31 00:00:00
sub_459366,cust_330533,3,active,annual,79,2023-10-30,,2023-10-30 00:00:00,2024-12-31 00:00:00
sub_219753,cust_998602,4,active,annual,199,2024-06-18,,2024-06-18 00:00:00,2024-12-31 00:00:00
sub_725119,cust_358635,3,churned,monthly,0,2023-09-11,2024-09-15,2023-09-11 00:00:00,2024-09-15 00:00:00
sub_971044,cust_146372,3,churned,monthly,0,2023-02-11,2023-03-10,2023-02-11 00:00:00,2023-03-10 00:00:00
sub_546235,cust_352194,2,churned,monthly,0,2023-03-27,2023-09-23,2023-03-27 00:00:00,2023-09-23 00:00:00
sub_412086,cust_195136,2,active,annual,29,2023-01-17,,2023-01-17 00:00:00,2024-12-31 00:00:00
sub_500788,cust_909327,3,active,monthly,79,2023-05-22,,2023-05-22 00:00:00,2024-12-31 00:00:00
sub_959636,cust_503575,1,active,monthly,0,2023-12-07,,2023-12-07 00:00:00,2024-12-31 00:00:00
sub_193347,cust_817923,3,active,monthly,79,2023-03-24,,2023-03-24 00:00:00,2024-12-31 00:00:00
sub_372667,cust_483349,1,active,monthly,0,2024-04-21,,2024-04-21 00:00:00,2024-12-31 00:00:00
sub_631468,cust_451199,2,churned,monthly,0,2023-09-02,2023-10-19,2023-09-02 00:00:00,2023-10-19 00:00:00
sub_149096,cust_436030,3,active,monthly,79,2023-12-28,,2023-12-28 00:00:00,2024-12-31 00:00:00
sub_623957,cust_228670,2,active,monthly,29,2024-04-26,,2024-04-26 00:00:00,2024-12-31 00:00:00
sub_796866,cust_948083,4,active,monthly,199,2023-03-09,,2023-03-09 00:00:00,2024-12-31 00:00:00
sub_290552,cust_272769,2,churned,monthly,0,2023-10-10,2024-09-21,2023-10-10 00:00:00,2024-09-21 00:00:00
sub_259057,cust_667735,2,churned,monthly,0,2023-05-16,2024-05-21,2023-05-16 00:00:00,2024-05-21 00:00:00
sub_519567,cust_975505,2,active,monthly,29,2024-06-16,,2024-06-16 00:00:00,2024-12-31 00:00:00
sub_602816,cust_982804,4,active,monthly,199,2024-07-15,,2024-07-15 00:00:00,2024-12-31 00:00:00
sub_969999,cust_402143,2,churned,monthly,0,2023-02-18,2024-02-23,2023-02-18 00:00:00,2024-02-23 00:00:00
sub_635868,cust_283877,1,active,monthly,0,2024-11-13,,2024-11-13 00:00:00,2024-12-31 00:00:00
sub_391941,cust_841484,4,active,annual,199,2023-02-05,,2023-02-05 00:00:00,2024-12-31 00:00:00
sub_384027,cust_524214,3,active,monthly,79,2024-05-26,,2024-05-26 00:00:00,2024-12-31 00:00:00
sub_746413,cust_839719,4,active,monthly,199,2023-10-30,,2023-10-30 00:00:00,2024-12-31 00:00:00
sub_216020,cust_563581,2,churned,monthly,0,2023-12-13,2024-01-30,2023-12-13 00:00:00,2024-01-30 00:00:00
sub_358365,cust_981723,3,churned,monthly,0,2023-08-14,2024-12-05,2023-08-14 00:00:00,2024-12-05 00:00:00
sub_413223,cust_391427,1,churned,monthly,0,2023-07-20,2023-09-05,2023-07-20 00:00:00,2023-09-05 00:00:00
sub_815557,cust_732471,4,active,annual,199,2024-09-11,,2024-09-11 00:00:00,2024-12-31 00:00:00
sub_442752,cust_398477,2,churned,annual,0,2023-12-20,2024-02-03,2023-12-20 00:00:00,2024-02-03 00:00:00
sub_481878,cust_563999,3,active,monthly,79,2023-10-23,,2023-10-23 00:00:00,2024-12-31 00:00:00
sub_370625,cust_250616,4,churned,annual,0,2023-08-01,2024-05-15,2023-08-01 00:00:00,2024-05-15 00:00:00
sub_295809,cust_386606,1,active,monthly,0,2024-02-29,,2024-02-29 00:00:00,2024-12-31 00:00:00
sub_425704,cust_614416,3,active,monthly,79,2023-02-13,,2023-02-13 00:00:00,2024-12-31 00:00:00
sub_567785,cust_414750,3,active,monthly,79,2024-10-17,,2024-10-17 00:00:00,2024-12-31 00:00:00
sub_179838,cust_129824,4,active,monthly,199,2023-05-03,,2023-05-03 00:00:00,2024-12-31 00:00:00
sub_804380,cust_758501,3,active,monthly,79,2024-05-02,,2024-05-02 00:00:00,2024-12-31 00:00:00
sub_420343,cust_583439,3,active,monthly,79,2023-05-19,,2023-05-19 00:00:00,2024-12-31 00:00:00
sub_300936,cust_180558,2,active,annual,29,2024-06-10,,2024-06-10 00:00:00,2024-12-31 00:00:00
sub_736213,cust_986041,3,churned,annual,0,2023-11-05,2024-01-23,2023-11-05 00:00:00,2024-01-23 00:00:00
sub_671808,cust_491133,2,churned,monthly,0,2024-05-11,2024-11-20,2024-05-11 00:00:00,2024-11-20 00:00:00
sub_849894,cust_685792,4,active,annual,199,2024-09-20,,2024-09-20 00:00:00,2024-12-31 00:00:00
sub_170213,cust_222227,2,churned,annual,0,2023-05-15,2024-01-24,2023-05-15 00:00:00,2024-01-24 00:00:00
sub_661072,cust_280572,2,churned,annual,0,2023-11-08,2024-05-01,2023-11-08 00:00:00,2024-05-01 00:00:00
sub_724695,cust_236543,3,active,monthly,79,2023-03-22,,2023-03-22 00:00:00,2024-12-31 00:00:00
sub_495147,cust_931578,3,active,monthly,79,2024-11-06,,2024-11-06 00:00:00,2024-12-31 00:00:00
sub_844984,cust_920375,2,churned,monthly,0,2023-05-07,2024-03-22,2023-05-07 00:00:00,2024-03-22 00:00:00
sub_694103,cust_390849,2,active,monthly,29,2024-08-16,,2024-08-16 00:00:00,2024-12-31 00:00:00
sub_275933,cust_706217,3,churned,monthly,0,2023-01-15,2023-02-23,2023-01-15 00:00:00,2023-02-23 00:00:00
sub_102215,cust_324411,4,active,monthly,199,2024-05-31,,2024-05-31 00:00:00,2024-12-31 00:00:00
sub_982140,cust_544692,3,active,monthly,79,2023-08-08,,2023-08-08 00:00:00,2024-12-31 00:00:00
sub_541597,cust_838963,4,churned,annual,0,2023-10-23,2024-06-07,2023-10-23 00:00:00,2024-06-07 00:00:00
sub_117722,cust_981946,2,churned,monthly,0,2024-03-30,2024-05-17,2024-03-30 00:00:00,2024-05-17 00:00:00
sub_878247,cust_113406,3,active,monthly,79,2024-11-21,,2024-11-21 00:00:00,2024-12-31 00:00:00
sub_557086,cust_719244,4,churned,monthly,0,2023-04-15,2023-08-06,2023-04-15 00:00:00,2023-08-06 00:00:00
sub_413619,cust_523927,4,churned,annual,0,2023-05-06,2023-12-21,2023-05-06 00:00:00,2023-12-21 00:00:00
sub_688982,cust_775105,2,active,annual,29,2024-02-14,,2024-02-14 00:00:00,2024-12-31 00:00:00
sub_685136,cust_228125,3,active,monthly,79,2023-09-14,,2023-09-14 00:00:00,2024-12-31 00:00:00
sub_576632,cust_128048,2,active,monthly,29,2023-07-03,,2023-07-03 00:00:00,2024-12-31 00:00:00
sub_582943,cust_616096,2,churned,monthly,0,2024-04-22,2024-12-24,2024-04-22 00:00:00,2024-12-24 00:00:00
sub_556909,cust_133133,2,active,monthly,29,2024-03-16,,2024-03-16 00:00:00,2024-12-31 00:00:00
sub_379341,cust_917241,3,active,annual,79,2023-11-07,,2023-11-07 00:00:00,2024-12-31 00:00:00
sub_869987,cust_680684,3,active,monthly,79,2024-07-06,,2024-07-06 00:00:00,2024-12-31 00:00:00
sub_967466,cust_746908,3,active,monthly,79,2024-11-23,,2024-11-23 00:00:00,2024-12-31 00:00:00
sub_627537,cust_878103,2,churned,monthly,0,2024-08-20,2024-10-19,2024-08-20 00:00:00,2024-10-19 00:00:00
sub_689780,cust_356092,2,active,annual,29,2023-09-11,,2023-09-11 00:00:00,2024-12-31 00:00:00
sub_722485,cust_441958,3,churned,monthly,0,2023-02-08,2024-06-03,2023-02-08 00:00:00,2024-06-03 00:00:00
sub_834696,cust_431889,3,active,annual,79,2024-01-22,,2024-01-22 00:00:00,2024-12-31 00:00:00
sub_533276,cust_950874,2,active,monthly,29,2024-11-14,,2024-11-14 00:00:00,2024-12-31 00:00:00
sub_461353,cust_401314,1,churned,monthly,0,2023-09-29,2024-12-15,2023-09-29 00:00:00,2024-12-15 00:00:00
sub_912314,cust_720615,1,active,monthly,0,2023-12-11,,2023-12-11 00:00:00,2024-12-31 00:00:00
sub_672176,cust_943187,3,active,monthly,79,2023-11-04,,2023-11-04 00:00:00,2024-12-31 00:00:00
sub_936547,cust_289373,4,active,annual,199,2023-01-20,,2023-01-20 00:00:00,2024-12-31 00:00:00
sub_866110,cust_768914,3,active,monthly,79,2024-06-29,,2024-06-29 00:00:00,2024-12-31 00:00:00
sub_730222,cust_254920,1,active,annual,0,2023-09-04,,2023-09-04 00:00:00,2024-12-31 00:00:00
sub_832569,cust_379901,1,churned,annual,0,2023-10-21,2024-04-07,2023-10-21 00:00:00,2024-04-07 00:00:00
sub_833621,cust_967412,4,churned,annual,0,2023-11-14,2024-09-17,2023-11-14 00:00:00,2024-09-17 00:00:00
sub_204745,cust_370948,3,churned,annual,0,2023-10-12,2024-05-29,2023-10-12 00:00:00,2024-05-29 00:00:00
sub_324933,cust_429153,3,active,monthly,79,2024-09-08,,2024-09-08 00:00:00,2024-12-31 00:00:00
sub_631085,cust_980605,1,churned,monthly,0,2023-05-24,2023-06-26,2023-05-24 00:00:00,2023-06-26 00:00:00
sub_198351,cust_364039,1,active,annual,0,2024-05-23,,2024-05-23 00:00:00,2024-12-31 00:00:00
sub_253624,cust_347399,1,churned,monthly,0,2024-03-09,2024-04-12,2024-03-09 00:00:00,2024-04-12 00:00:00
sub_697053,cust_833602,4,active,annual,199,2023-04-26,,2023-04-26 00:00:00,2024-12-31 00:00:00
sub_335959,cust_423141,4,active,monthly,199,2023-01-22,,2023-01-22 00:00:00,2024-12-31 00:00:00
sub_173131,cust_365271,2,active,monthly,29,2024-07-19,,2024-07-19 00:00:00,2024-12-31 00:00:00
sub_635231,cust_563892,4,active,monthly,199,2024-02-02,,2024-02-02 00:00:00,2024-12-31 00:00:00
sub_450311,cust_268010,3,active,annual,79,2024-03-25,,2024-03-25 00:00:00,2024-12-31 00:00:00
sub_539437,cust_615576,3,active,monthly,79,2024-04-27,,2024-04-27 00:00:00,2024-12-31 00:00:00
sub_125862,cust_468948,4,active,monthly,199,2024-03-06,,2024-03-06 00:00:00,2024-12-31 00:00:00
sub_647622,cust_564943,1,active,monthly,0,2024-10-18,,2024-10-18 00:00:00,2024-12-31 00:00:00
sub_627573,cust_904894,3,active,monthly,79,2024-10-26,,2024-10-26 00:00:00,2024-12-31 00:00:00
sub_448458,cust_281905,3,active,monthly,79,2024-08-30,,2024-08-30 00:00:00,2024-12-31 00:00:00
sub_823797,cust_335391,3,churned,annual,0,2023-01-22,2024-12-03,2023-01-22 00:00:00,2024-12-03 00:00:00
sub_744918,cust_276953,3,active,monthly,79,2023-02-20,,2023-02-20 00:00:00,2024-12-31 00:00:00
sub_355537,cust_853489,3,active,monthly,79,2024-06-22,,2024-06-22 00:00:00,2024-12-31 00:00:00
sub_306612,cust_952924,2,active,monthly,29,2023-09-30,,2023-09-30 00:00:00,2024-12-31 00:00:00
sub_592491,cust_810083,3,churned,monthly,0,2023-07-13,2024-02-13,2023-07-13 00:00:00,2024-02-13 00:00:00
sub_258162,cust_487593,4,active,monthly,199,2024-08-19,,2024-08-19 00:00:00,2024-12-31 00:00:00
sub_525577,cust_502124,3,active,monthly,79,2024-03-09,,2024-03-09 00:00:00,2024-12-31 00:00:00
sub_479637,cust_735829,4,active,monthly,199,2024-11-17,,2024-11-17 00:00:00,2024-12-31 00:00:00
sub_916634,cust_488918,2,active,annual,29,2023-05-16,,2023-05-16 00:00:00,2024-12-31 00:00:00
sub_241232,cust_656189,1,active,monthly,0,2024-03-19,,2024-03-19 00:00:00,2024-12-31 00:00:00
sub_379503,cust_376002,3,active,monthly,79,2024-09-19,,2024-09-19 00:00:00,2024-12-31 00:00:00
